--
-- PostgreSQL database dump
--

-- Dumped from database version 14.13 (Ubuntu 14.13-0ubuntu0.22.04.1)
-- Dumped by pg_dump version 14.13 (Ubuntu 14.13-0ubuntu0.22.04.1)

SET statement_timeout = 0;
SET lock_timeout = 0;
SET idle_in_transaction_session_timeout = 0;
SET client_encoding = 'UTF8';
SET standard_conforming_strings = on;
SELECT pg_catalog.set_config('search_path', '', false);
SET check_function_bodies = false;
SET xmloption = content;
SET client_min_messages = warning;
SET row_security = off;

SET default_tablespace = '';

SET default_table_access_method = heap;

--
-- Name: accounts_companymodel; Type: TABLE; Schema: public; Owner: thomas
--

CREATE TABLE public.accounts_companymodel (
    address_one character varying(300),
    address_two character varying(300),
    city character varying(300),
    province character varying(300),
    country character varying(300) NOT NULL,
    zipcode bigint,
    address_id character varying(300),
    facebook character varying(200),
    twitter character varying(200),
    instagram character varying(200),
    "linkedIn" character varying(200),
    id uuid NOT NULL,
    created timestamp with time zone NOT NULL,
    updated timestamp with time zone NOT NULL,
    support_email character varying(254) NOT NULL,
    phone character varying(15)
);


ALTER TABLE public.accounts_companymodel OWNER TO thomas;

--
-- Name: accounts_customusermodel; Type: TABLE; Schema: public; Owner: thomas
--

CREATE TABLE public.accounts_customusermodel (
    id bigint NOT NULL,
    password character varying(128) NOT NULL,
    last_login timestamp with time zone,
    is_superuser boolean NOT NULL,
    username character varying(150) NOT NULL,
    first_name character varying(150) NOT NULL,
    last_name character varying(150) NOT NULL,
    email character varying(254) NOT NULL,
    is_staff boolean NOT NULL,
    is_active boolean NOT NULL,
    date_joined timestamp with time zone NOT NULL,
    address_one character varying(300),
    address_two character varying(300),
    city character varying(300),
    province character varying(300),
    country character varying(300) NOT NULL,
    zipcode bigint,
    address_id character varying(300),
    facebook character varying(200),
    twitter character varying(200),
    instagram character varying(200),
    "linkedIn" character varying(200),
    profile_image character varying(100),
    title character varying(30) NOT NULL,
    maiden_name character varying(300),
    phone character varying(15),
    occupation character varying(500),
    biography text NOT NULL,
    professional_affiliations character varying(700),
    identity_choice character varying(100) NOT NULL,
    identity_number character varying(13),
    verification_status character varying(100) NOT NULL,
    is_technical boolean NOT NULL,
    is_email_activated boolean NOT NULL,
    created timestamp with time zone NOT NULL,
    updated timestamp with time zone NOT NULL,
    is_paid character varying(40) NOT NULL
);


ALTER TABLE public.accounts_customusermodel OWNER TO thomas;

--
-- Name: accounts_customusermodel_groups; Type: TABLE; Schema: public; Owner: thomas
--

CREATE TABLE public.accounts_customusermodel_groups (
    id bigint NOT NULL,
    customusermodel_id bigint NOT NULL,
    group_id integer NOT NULL
);


ALTER TABLE public.accounts_customusermodel_groups OWNER TO thomas;

--
-- Name: accounts_customusermodel_groups_id_seq; Type: SEQUENCE; Schema: public; Owner: thomas
--

ALTER TABLE public.accounts_customusermodel_groups ALTER COLUMN id ADD GENERATED BY DEFAULT AS IDENTITY (
    SEQUENCE NAME public.accounts_customusermodel_groups_id_seq
    START WITH 1
    INCREMENT BY 1
    NO MINVALUE
    NO MAXVALUE
    CACHE 1
);


--
-- Name: accounts_customusermodel_id_seq; Type: SEQUENCE; Schema: public; Owner: thomas
--

ALTER TABLE public.accounts_customusermodel ALTER COLUMN id ADD GENERATED BY DEFAULT AS IDENTITY (
    SEQUENCE NAME public.accounts_customusermodel_id_seq
    START WITH 1
    INCREMENT BY 1
    NO MINVALUE
    NO MAXVALUE
    CACHE 1
);


--
-- Name: accounts_customusermodel_user_permissions; Type: TABLE; Schema: public; Owner: thomas
--

CREATE TABLE public.accounts_customusermodel_user_permissions (
    id bigint NOT NULL,
    customusermodel_id bigint NOT NULL,
    permission_id integer NOT NULL
);


ALTER TABLE public.accounts_customusermodel_user_permissions OWNER TO thomas;

--
-- Name: accounts_customusermodel_user_permissions_id_seq; Type: SEQUENCE; Schema: public; Owner: thomas
--

ALTER TABLE public.accounts_customusermodel_user_permissions ALTER COLUMN id ADD GENERATED BY DEFAULT AS IDENTITY (
    SEQUENCE NAME public.accounts_customusermodel_user_permissions_id_seq
    START WITH 1
    INCREMENT BY 1
    NO MINVALUE
    NO MAXVALUE
    CACHE 1
);


--
-- Name: accounts_identityverificationmodel; Type: TABLE; Schema: public; Owner: thomas
--

CREATE TABLE public.accounts_identityverificationmodel (
    id uuid NOT NULL,
    created timestamp with time zone NOT NULL,
    updated timestamp with time zone NOT NULL,
    identity_image character varying(100) NOT NULL,
    identitybook_image character varying(100) NOT NULL,
    user_id bigint NOT NULL
);


ALTER TABLE public.accounts_identityverificationmodel OWNER TO thomas;

--
-- Name: accounts_mailinggroupmodel; Type: TABLE; Schema: public; Owner: thomas
--

CREATE TABLE public.accounts_mailinggroupmodel (
    id uuid NOT NULL,
    created timestamp with time zone NOT NULL,
    updated timestamp with time zone NOT NULL,
    slug character varying(100),
    title character varying(80) NOT NULL,
    description character varying(500) NOT NULL
);


ALTER TABLE public.accounts_mailinggroupmodel OWNER TO thomas;

--
-- Name: accounts_mailmessagemodel; Type: TABLE; Schema: public; Owner: thomas
--

CREATE TABLE public.accounts_mailmessagemodel (
    id uuid NOT NULL,
    created timestamp with time zone NOT NULL,
    updated timestamp with time zone NOT NULL,
    from_mail character varying(150) NOT NULL,
    subject character varying(250) NOT NULL,
    message text NOT NULL,
    mailing_group_id uuid
);


ALTER TABLE public.accounts_mailmessagemodel OWNER TO thomas;

--
-- Name: accounts_qualificationmodel; Type: TABLE; Schema: public; Owner: thomas
--

CREATE TABLE public.accounts_qualificationmodel (
    id uuid NOT NULL,
    created timestamp with time zone NOT NULL,
    updated timestamp with time zone NOT NULL,
    institution character varying(300) NOT NULL,
    title character varying(300) NOT NULL,
    qualification_type character varying(300) NOT NULL,
    year character varying(50) NOT NULL,
    owner_id bigint NOT NULL
);


ALTER TABLE public.accounts_qualificationmodel OWNER TO thomas;

--
-- Name: accounts_relativemodel; Type: TABLE; Schema: public; Owner: thomas
--

CREATE TABLE public.accounts_relativemodel (
    id uuid NOT NULL,
    created timestamp with time zone NOT NULL,
    updated timestamp with time zone NOT NULL,
    profile_image character varying(100),
    title character varying(30) NOT NULL,
    full_name character varying(300) NOT NULL,
    maiden_name character varying(300),
    surname character varying(300) NOT NULL,
    relationship character varying(300) NOT NULL,
    phone character varying(15),
    gender character varying(15) NOT NULL,
    relative_side character varying(300),
    description text,
    relative_id bigint NOT NULL,
    date_of_birth date,
    date_of_death date
);


ALTER TABLE public.accounts_relativemodel OWNER TO thomas;

--
-- Name: accounts_subscribemodel; Type: TABLE; Schema: public; Owner: thomas
--

CREATE TABLE public.accounts_subscribemodel (
    id uuid NOT NULL,
    created timestamp with time zone NOT NULL,
    updated timestamp with time zone NOT NULL,
    mailinggroup_id uuid NOT NULL,
    user_id bigint NOT NULL
);


ALTER TABLE public.accounts_subscribemodel OWNER TO thomas;

--
-- Name: accounts_walletmodel; Type: TABLE; Schema: public; Owner: thomas
--

CREATE TABLE public.accounts_walletmodel (
    id uuid NOT NULL,
    created timestamp with time zone NOT NULL,
    updated timestamp with time zone NOT NULL,
    name character varying(250) NOT NULL,
    balance numeric(1000,2) NOT NULL,
    status character varying(150) NOT NULL,
    cleared_date timestamp with time zone NOT NULL,
    owner_id bigint NOT NULL
);


ALTER TABLE public.accounts_walletmodel OWNER TO thomas;

--
-- Name: admin_interface_theme; Type: TABLE; Schema: public; Owner: thomas
--

CREATE TABLE public.admin_interface_theme (
    id integer NOT NULL,
    name character varying(50) NOT NULL,
    active boolean NOT NULL,
    title character varying(50) NOT NULL,
    title_visible boolean NOT NULL,
    logo character varying(100) NOT NULL,
    logo_visible boolean NOT NULL,
    css_header_background_color character varying(10) NOT NULL,
    title_color character varying(10) NOT NULL,
    css_header_text_color character varying(10) NOT NULL,
    css_header_link_color character varying(10) NOT NULL,
    css_header_link_hover_color character varying(10) NOT NULL,
    css_module_background_color character varying(10) NOT NULL,
    css_module_text_color character varying(10) NOT NULL,
    css_module_link_color character varying(10) NOT NULL,
    css_module_link_hover_color character varying(10) NOT NULL,
    css_module_rounded_corners boolean NOT NULL,
    css_generic_link_color character varying(10) NOT NULL,
    css_generic_link_hover_color character varying(10) NOT NULL,
    css_save_button_background_color character varying(10) NOT NULL,
    css_save_button_background_hover_color character varying(10) NOT NULL,
    css_save_button_text_color character varying(10) NOT NULL,
    css_delete_button_background_color character varying(10) NOT NULL,
    css_delete_button_background_hover_color character varying(10) NOT NULL,
    css_delete_button_text_color character varying(10) NOT NULL,
    list_filter_dropdown boolean NOT NULL,
    related_modal_active boolean NOT NULL,
    related_modal_background_color character varying(10) NOT NULL,
    related_modal_rounded_corners boolean NOT NULL,
    logo_color character varying(10) NOT NULL,
    recent_actions_visible boolean NOT NULL,
    favicon character varying(100) NOT NULL,
    related_modal_background_opacity character varying(5) NOT NULL,
    env_name character varying(50) NOT NULL,
    env_visible_in_header boolean NOT NULL,
    env_color character varying(10) NOT NULL,
    env_visible_in_favicon boolean NOT NULL,
    related_modal_close_button_visible boolean NOT NULL,
    language_chooser_active boolean NOT NULL,
    language_chooser_display character varying(10) NOT NULL,
    list_filter_sticky boolean NOT NULL,
    form_pagination_sticky boolean NOT NULL,
    form_submit_sticky boolean NOT NULL,
    css_module_background_selected_color character varying(10) NOT NULL,
    css_module_link_selected_color character varying(10) NOT NULL,
    logo_max_height smallint NOT NULL,
    logo_max_width smallint NOT NULL,
    foldable_apps boolean NOT NULL,
    language_chooser_control character varying(20) NOT NULL,
    list_filter_highlight boolean NOT NULL,
    list_filter_removal_links boolean NOT NULL,
    show_fieldsets_as_tabs boolean NOT NULL,
    show_inlines_as_tabs boolean NOT NULL,
    css_generic_link_active_color character varying(10) NOT NULL,
    collapsible_stacked_inlines boolean NOT NULL,
    collapsible_stacked_inlines_collapsed boolean NOT NULL,
    collapsible_tabular_inlines boolean NOT NULL,
    collapsible_tabular_inlines_collapsed boolean NOT NULL,
    CONSTRAINT admin_interface_theme_logo_max_height_check CHECK ((logo_max_height >= 0)),
    CONSTRAINT admin_interface_theme_logo_max_width_check CHECK ((logo_max_width >= 0))
);


ALTER TABLE public.admin_interface_theme OWNER TO thomas;

--
-- Name: admin_interface_theme_id_seq; Type: SEQUENCE; Schema: public; Owner: thomas
--

ALTER TABLE public.admin_interface_theme ALTER COLUMN id ADD GENERATED BY DEFAULT AS IDENTITY (
    SEQUENCE NAME public.admin_interface_theme_id_seq
    START WITH 1
    INCREMENT BY 1
    NO MINVALUE
    NO MAXVALUE
    CACHE 1
);


--
-- Name: auth_group; Type: TABLE; Schema: public; Owner: thomas
--

CREATE TABLE public.auth_group (
    id integer NOT NULL,
    name character varying(150) NOT NULL
);


ALTER TABLE public.auth_group OWNER TO thomas;

--
-- Name: auth_group_id_seq; Type: SEQUENCE; Schema: public; Owner: thomas
--

ALTER TABLE public.auth_group ALTER COLUMN id ADD GENERATED BY DEFAULT AS IDENTITY (
    SEQUENCE NAME public.auth_group_id_seq
    START WITH 1
    INCREMENT BY 1
    NO MINVALUE
    NO MAXVALUE
    CACHE 1
);


--
-- Name: auth_group_permissions; Type: TABLE; Schema: public; Owner: thomas
--

CREATE TABLE public.auth_group_permissions (
    id bigint NOT NULL,
    group_id integer NOT NULL,
    permission_id integer NOT NULL
);


ALTER TABLE public.auth_group_permissions OWNER TO thomas;

--
-- Name: auth_group_permissions_id_seq; Type: SEQUENCE; Schema: public; Owner: thomas
--

ALTER TABLE public.auth_group_permissions ALTER COLUMN id ADD GENERATED BY DEFAULT AS IDENTITY (
    SEQUENCE NAME public.auth_group_permissions_id_seq
    START WITH 1
    INCREMENT BY 1
    NO MINVALUE
    NO MAXVALUE
    CACHE 1
);


--
-- Name: auth_permission; Type: TABLE; Schema: public; Owner: thomas
--

CREATE TABLE public.auth_permission (
    id integer NOT NULL,
    name character varying(255) NOT NULL,
    content_type_id integer NOT NULL,
    codename character varying(100) NOT NULL
);


ALTER TABLE public.auth_permission OWNER TO thomas;

--
-- Name: auth_permission_id_seq; Type: SEQUENCE; Schema: public; Owner: thomas
--

ALTER TABLE public.auth_permission ALTER COLUMN id ADD GENERATED BY DEFAULT AS IDENTITY (
    SEQUENCE NAME public.auth_permission_id_seq
    START WITH 1
    INCREMENT BY 1
    NO MINVALUE
    NO MAXVALUE
    CACHE 1
);


--
-- Name: business_business; Type: TABLE; Schema: public; Owner: thomas
--

CREATE TABLE public.business_business (
    address_one character varying(300),
    address_two character varying(300),
    city character varying(300),
    province character varying(300),
    country character varying(300) NOT NULL,
    zipcode bigint,
    address_id character varying(300),
    facebook character varying(200),
    twitter character varying(200),
    instagram character varying(200),
    "linkedIn" character varying(200),
    id uuid NOT NULL,
    created timestamp with time zone NOT NULL,
    updated timestamp with time zone NOT NULL,
    background_image character varying(100),
    logo character varying(100),
    title character varying(150) NOT NULL,
    slogan character varying(350),
    slug character varying(250) NOT NULL,
    details text NOT NULL,
    map_coordinates character varying(300),
    phone character varying(15),
    website character varying(200),
    email character varying(250),
    bbbee_level character varying(100) NOT NULL,
    status character varying(50) NOT NULL,
    category_id uuid NOT NULL,
    owner_id bigint NOT NULL
);


ALTER TABLE public.business_business OWNER TO thomas;

--
-- Name: business_businesscontent; Type: TABLE; Schema: public; Owner: thomas
--

CREATE TABLE public.business_businesscontent (
    id uuid NOT NULL,
    created timestamp with time zone NOT NULL,
    updated timestamp with time zone NOT NULL,
    image character varying(100),
    business_id uuid NOT NULL
);


ALTER TABLE public.business_businesscontent OWNER TO thomas;

--
-- Name: business_businesshour; Type: TABLE; Schema: public; Owner: thomas
--

CREATE TABLE public.business_businesshour (
    id uuid NOT NULL,
    created timestamp with time zone NOT NULL,
    updated timestamp with time zone NOT NULL,
    day character varying(250) NOT NULL,
    operating boolean NOT NULL,
    open_time time without time zone NOT NULL,
    close_time time without time zone NOT NULL,
    business_id uuid NOT NULL
);


ALTER TABLE public.business_businesshour OWNER TO thomas;

--
-- Name: business_businessreview; Type: TABLE; Schema: public; Owner: thomas
--

CREATE TABLE public.business_businessreview (
    id uuid NOT NULL,
    created timestamp with time zone NOT NULL,
    updated timestamp with time zone NOT NULL,
    commenter_email character varying(254) NOT NULL,
    commenter_full_names character varying(250) NOT NULL,
    comment text NOT NULL,
    business_id uuid NOT NULL,
    commenter_id bigint
);


ALTER TABLE public.business_businessreview OWNER TO thomas;

--
-- Name: business_category; Type: TABLE; Schema: public; Owner: thomas
--

CREATE TABLE public.business_category (
    id uuid NOT NULL,
    created timestamp with time zone NOT NULL,
    updated timestamp with time zone NOT NULL,
    thumbnail character varying(100),
    slug character varying(350) NOT NULL,
    label character varying(250) NOT NULL
);


ALTER TABLE public.business_category OWNER TO thomas;

--
-- Name: campaigns_campaignmodel; Type: TABLE; Schema: public; Owner: thomas
--

CREATE TABLE public.campaigns_campaignmodel (
    id uuid NOT NULL,
    created timestamp with time zone NOT NULL,
    updated timestamp with time zone NOT NULL,
    image character varying(100),
    title character varying(150) NOT NULL,
    slug character varying(250) NOT NULL,
    details text NOT NULL,
    target numeric(1000,2) NOT NULL,
    current_amount numeric(1000,2) NOT NULL,
    start_date timestamp with time zone NOT NULL,
    end_date timestamp with time zone NOT NULL,
    status character varying(50) NOT NULL,
    is_featured boolean NOT NULL,
    category_id uuid NOT NULL,
    organiser_id bigint NOT NULL
);


ALTER TABLE public.campaigns_campaignmodel OWNER TO thomas;

--
-- Name: campaigns_campaignupdatemodel; Type: TABLE; Schema: public; Owner: thomas
--

CREATE TABLE public.campaigns_campaignupdatemodel (
    id uuid NOT NULL,
    updated timestamp with time zone NOT NULL,
    title character varying(250) NOT NULL,
    content text NOT NULL,
    created timestamp with time zone NOT NULL,
    campaign_id uuid NOT NULL
);


ALTER TABLE public.campaigns_campaignupdatemodel OWNER TO thomas;

--
-- Name: campaigns_contributionmodel; Type: TABLE; Schema: public; Owner: thomas
--

CREATE TABLE public.campaigns_contributionmodel (
    id uuid NOT NULL,
    created timestamp with time zone NOT NULL,
    updated timestamp with time zone NOT NULL,
    payment_method_type character varying(50),
    payment_method_card_holder character varying(50),
    payment_method_masked_card character varying(50),
    payment_method_scheme character varying(50),
    payment_date character varying(50),
    order_number character varying(300) NOT NULL,
    checkout_id character varying(200),
    amount numeric(1000,2) NOT NULL,
    tip character varying(25) NOT NULL,
    total_amount numeric(1000,2) NOT NULL,
    accepted_laws boolean NOT NULL,
    message text,
    paid character varying(40) NOT NULL,
    anonymous boolean NOT NULL,
    receipt character varying(100),
    campaign_id uuid NOT NULL,
    contributor_id bigint
);


ALTER TABLE public.campaigns_contributionmodel OWNER TO thomas;

--
-- Name: django_admin_log; Type: TABLE; Schema: public; Owner: thomas
--

CREATE TABLE public.django_admin_log (
    id integer NOT NULL,
    action_time timestamp with time zone NOT NULL,
    object_id text,
    object_repr character varying(200) NOT NULL,
    action_flag smallint NOT NULL,
    change_message text NOT NULL,
    content_type_id integer,
    user_id bigint NOT NULL,
    CONSTRAINT django_admin_log_action_flag_check CHECK ((action_flag >= 0))
);


ALTER TABLE public.django_admin_log OWNER TO thomas;

--
-- Name: django_admin_log_id_seq; Type: SEQUENCE; Schema: public; Owner: thomas
--

ALTER TABLE public.django_admin_log ALTER COLUMN id ADD GENERATED BY DEFAULT AS IDENTITY (
    SEQUENCE NAME public.django_admin_log_id_seq
    START WITH 1
    INCREMENT BY 1
    NO MINVALUE
    NO MAXVALUE
    CACHE 1
);


--
-- Name: django_celery_beat_clockedschedule; Type: TABLE; Schema: public; Owner: thomas
--

CREATE TABLE public.django_celery_beat_clockedschedule (
    id integer NOT NULL,
    clocked_time timestamp with time zone NOT NULL
);


ALTER TABLE public.django_celery_beat_clockedschedule OWNER TO thomas;

--
-- Name: django_celery_beat_clockedschedule_id_seq; Type: SEQUENCE; Schema: public; Owner: thomas
--

ALTER TABLE public.django_celery_beat_clockedschedule ALTER COLUMN id ADD GENERATED BY DEFAULT AS IDENTITY (
    SEQUENCE NAME public.django_celery_beat_clockedschedule_id_seq
    START WITH 1
    INCREMENT BY 1
    NO MINVALUE
    NO MAXVALUE
    CACHE 1
);


--
-- Name: django_celery_beat_crontabschedule; Type: TABLE; Schema: public; Owner: thomas
--

CREATE TABLE public.django_celery_beat_crontabschedule (
    id integer NOT NULL,
    minute character varying(240) NOT NULL,
    hour character varying(96) NOT NULL,
    day_of_week character varying(64) NOT NULL,
    day_of_month character varying(124) NOT NULL,
    month_of_year character varying(64) NOT NULL,
    timezone character varying(63) NOT NULL
);


ALTER TABLE public.django_celery_beat_crontabschedule OWNER TO thomas;

--
-- Name: django_celery_beat_crontabschedule_id_seq; Type: SEQUENCE; Schema: public; Owner: thomas
--

ALTER TABLE public.django_celery_beat_crontabschedule ALTER COLUMN id ADD GENERATED BY DEFAULT AS IDENTITY (
    SEQUENCE NAME public.django_celery_beat_crontabschedule_id_seq
    START WITH 1
    INCREMENT BY 1
    NO MINVALUE
    NO MAXVALUE
    CACHE 1
);


--
-- Name: django_celery_beat_intervalschedule; Type: TABLE; Schema: public; Owner: thomas
--

CREATE TABLE public.django_celery_beat_intervalschedule (
    id integer NOT NULL,
    every integer NOT NULL,
    period character varying(24) NOT NULL
);


ALTER TABLE public.django_celery_beat_intervalschedule OWNER TO thomas;

--
-- Name: django_celery_beat_intervalschedule_id_seq; Type: SEQUENCE; Schema: public; Owner: thomas
--

ALTER TABLE public.django_celery_beat_intervalschedule ALTER COLUMN id ADD GENERATED BY DEFAULT AS IDENTITY (
    SEQUENCE NAME public.django_celery_beat_intervalschedule_id_seq
    START WITH 1
    INCREMENT BY 1
    NO MINVALUE
    NO MAXVALUE
    CACHE 1
);


--
-- Name: django_celery_beat_periodictask; Type: TABLE; Schema: public; Owner: thomas
--

CREATE TABLE public.django_celery_beat_periodictask (
    id integer NOT NULL,
    name character varying(200) NOT NULL,
    task character varying(200) NOT NULL,
    args text NOT NULL,
    kwargs text NOT NULL,
    queue character varying(200),
    exchange character varying(200),
    routing_key character varying(200),
    expires timestamp with time zone,
    enabled boolean NOT NULL,
    last_run_at timestamp with time zone,
    total_run_count integer NOT NULL,
    date_changed timestamp with time zone NOT NULL,
    description text NOT NULL,
    crontab_id integer,
    interval_id integer,
    solar_id integer,
    one_off boolean NOT NULL,
    start_time timestamp with time zone,
    priority integer,
    headers text NOT NULL,
    clocked_id integer,
    expire_seconds integer,
    CONSTRAINT django_celery_beat_periodictask_expire_seconds_check CHECK ((expire_seconds >= 0)),
    CONSTRAINT django_celery_beat_periodictask_priority_check CHECK ((priority >= 0)),
    CONSTRAINT django_celery_beat_periodictask_total_run_count_check CHECK ((total_run_count >= 0))
);


ALTER TABLE public.django_celery_beat_periodictask OWNER TO thomas;

--
-- Name: django_celery_beat_periodictask_id_seq; Type: SEQUENCE; Schema: public; Owner: thomas
--

ALTER TABLE public.django_celery_beat_periodictask ALTER COLUMN id ADD GENERATED BY DEFAULT AS IDENTITY (
    SEQUENCE NAME public.django_celery_beat_periodictask_id_seq
    START WITH 1
    INCREMENT BY 1
    NO MINVALUE
    NO MAXVALUE
    CACHE 1
);


--
-- Name: django_celery_beat_periodictasks; Type: TABLE; Schema: public; Owner: thomas
--

CREATE TABLE public.django_celery_beat_periodictasks (
    ident smallint NOT NULL,
    last_update timestamp with time zone NOT NULL
);


ALTER TABLE public.django_celery_beat_periodictasks OWNER TO thomas;

--
-- Name: django_celery_beat_solarschedule; Type: TABLE; Schema: public; Owner: thomas
--

CREATE TABLE public.django_celery_beat_solarschedule (
    id integer NOT NULL,
    event character varying(24) NOT NULL,
    latitude numeric(9,6) NOT NULL,
    longitude numeric(9,6) NOT NULL
);


ALTER TABLE public.django_celery_beat_solarschedule OWNER TO thomas;

--
-- Name: django_celery_beat_solarschedule_id_seq; Type: SEQUENCE; Schema: public; Owner: thomas
--

ALTER TABLE public.django_celery_beat_solarschedule ALTER COLUMN id ADD GENERATED BY DEFAULT AS IDENTITY (
    SEQUENCE NAME public.django_celery_beat_solarschedule_id_seq
    START WITH 1
    INCREMENT BY 1
    NO MINVALUE
    NO MAXVALUE
    CACHE 1
);


--
-- Name: django_celery_results_chordcounter; Type: TABLE; Schema: public; Owner: thomas
--

CREATE TABLE public.django_celery_results_chordcounter (
    id integer NOT NULL,
    group_id character varying(255) NOT NULL,
    sub_tasks text NOT NULL,
    count integer NOT NULL,
    CONSTRAINT django_celery_results_chordcounter_count_check CHECK ((count >= 0))
);


ALTER TABLE public.django_celery_results_chordcounter OWNER TO thomas;

--
-- Name: django_celery_results_chordcounter_id_seq; Type: SEQUENCE; Schema: public; Owner: thomas
--

ALTER TABLE public.django_celery_results_chordcounter ALTER COLUMN id ADD GENERATED BY DEFAULT AS IDENTITY (
    SEQUENCE NAME public.django_celery_results_chordcounter_id_seq
    START WITH 1
    INCREMENT BY 1
    NO MINVALUE
    NO MAXVALUE
    CACHE 1
);


--
-- Name: django_celery_results_groupresult; Type: TABLE; Schema: public; Owner: thomas
--

CREATE TABLE public.django_celery_results_groupresult (
    id integer NOT NULL,
    group_id character varying(255) NOT NULL,
    date_created timestamp with time zone NOT NULL,
    date_done timestamp with time zone NOT NULL,
    content_type character varying(128) NOT NULL,
    content_encoding character varying(64) NOT NULL,
    result text
);


ALTER TABLE public.django_celery_results_groupresult OWNER TO thomas;

--
-- Name: django_celery_results_groupresult_id_seq; Type: SEQUENCE; Schema: public; Owner: thomas
--

ALTER TABLE public.django_celery_results_groupresult ALTER COLUMN id ADD GENERATED BY DEFAULT AS IDENTITY (
    SEQUENCE NAME public.django_celery_results_groupresult_id_seq
    START WITH 1
    INCREMENT BY 1
    NO MINVALUE
    NO MAXVALUE
    CACHE 1
);


--
-- Name: django_celery_results_taskresult; Type: TABLE; Schema: public; Owner: thomas
--

CREATE TABLE public.django_celery_results_taskresult (
    id integer NOT NULL,
    task_id character varying(255) NOT NULL,
    status character varying(50) NOT NULL,
    content_type character varying(128) NOT NULL,
    content_encoding character varying(64) NOT NULL,
    result text,
    date_done timestamp with time zone NOT NULL,
    traceback text,
    meta text,
    task_args text,
    task_kwargs text,
    task_name character varying(255),
    worker character varying(100),
    date_created timestamp with time zone NOT NULL,
    periodic_task_name character varying(255)
);


ALTER TABLE public.django_celery_results_taskresult OWNER TO thomas;

--
-- Name: django_celery_results_taskresult_id_seq; Type: SEQUENCE; Schema: public; Owner: thomas
--

ALTER TABLE public.django_celery_results_taskresult ALTER COLUMN id ADD GENERATED BY DEFAULT AS IDENTITY (
    SEQUENCE NAME public.django_celery_results_taskresult_id_seq
    START WITH 1
    INCREMENT BY 1
    NO MINVALUE
    NO MAXVALUE
    CACHE 1
);


--
-- Name: django_content_type; Type: TABLE; Schema: public; Owner: thomas
--

CREATE TABLE public.django_content_type (
    id integer NOT NULL,
    app_label character varying(100) NOT NULL,
    model character varying(100) NOT NULL
);


ALTER TABLE public.django_content_type OWNER TO thomas;

--
-- Name: django_content_type_id_seq; Type: SEQUENCE; Schema: public; Owner: thomas
--

ALTER TABLE public.django_content_type ALTER COLUMN id ADD GENERATED BY DEFAULT AS IDENTITY (
    SEQUENCE NAME public.django_content_type_id_seq
    START WITH 1
    INCREMENT BY 1
    NO MINVALUE
    NO MAXVALUE
    CACHE 1
);


--
-- Name: django_migrations; Type: TABLE; Schema: public; Owner: thomas
--

CREATE TABLE public.django_migrations (
    id bigint NOT NULL,
    app character varying(255) NOT NULL,
    name character varying(255) NOT NULL,
    applied timestamp with time zone NOT NULL
);


ALTER TABLE public.django_migrations OWNER TO thomas;

--
-- Name: django_migrations_id_seq; Type: SEQUENCE; Schema: public; Owner: thomas
--

ALTER TABLE public.django_migrations ALTER COLUMN id ADD GENERATED BY DEFAULT AS IDENTITY (
    SEQUENCE NAME public.django_migrations_id_seq
    START WITH 1
    INCREMENT BY 1
    NO MINVALUE
    NO MAXVALUE
    CACHE 1
);


--
-- Name: django_session; Type: TABLE; Schema: public; Owner: thomas
--

CREATE TABLE public.django_session (
    session_key character varying(40) NOT NULL,
    session_data text NOT NULL,
    expire_date timestamp with time zone NOT NULL
);


ALTER TABLE public.django_session OWNER TO thomas;

--
-- Name: events_eventmodel; Type: TABLE; Schema: public; Owner: thomas
--

CREATE TABLE public.events_eventmodel (
    id uuid NOT NULL,
    created timestamp with time zone NOT NULL,
    updated timestamp with time zone NOT NULL,
    image character varying(100),
    title character varying(150) NOT NULL,
    slug character varying(250) NOT NULL,
    content text NOT NULL,
    venue_name character varying(400) NOT NULL,
    event_address character varying(300) NOT NULL,
    map_coordinates character varying(300),
    total_seats_sold integer NOT NULL,
    event_link character varying(200),
    event_startdate timestamp with time zone NOT NULL,
    tip character varying(25) NOT NULL,
    event_enddate timestamp with time zone NOT NULL,
    status character varying(50) NOT NULL,
    category_id uuid,
    organiser_id bigint NOT NULL,
    CONSTRAINT events_eventmodel_total_seats_sold_check CHECK ((total_seats_sold >= 0))
);


ALTER TABLE public.events_eventmodel OWNER TO thomas;

--
-- Name: events_eventtickettypemodel; Type: TABLE; Schema: public; Owner: thomas
--

CREATE TABLE public.events_eventtickettypemodel (
    id uuid NOT NULL,
    created timestamp with time zone NOT NULL,
    updated timestamp with time zone NOT NULL,
    title character varying(250) NOT NULL,
    available_seats integer NOT NULL,
    sale_start timestamp with time zone,
    sale_end timestamp with time zone,
    price numeric(1000,2) NOT NULL,
    transaction_cost numeric(1000,2) NOT NULL,
    total_price numeric(1000,2) NOT NULL,
    event_id uuid NOT NULL,
    CONSTRAINT events_eventtickettypemodel_available_seats_check CHECK ((available_seats >= 0))
);


ALTER TABLE public.events_eventtickettypemodel OWNER TO thomas;

--
-- Name: events_ticketmodel; Type: TABLE; Schema: public; Owner: thomas
--

CREATE TABLE public.events_ticketmodel (
    id uuid NOT NULL,
    created timestamp with time zone NOT NULL,
    updated timestamp with time zone NOT NULL,
    guest_full_name character varying(300),
    guest_email character varying(254),
    guest_phone_number character varying(15),
    quantity bigint NOT NULL,
    barcode_value character varying(13),
    barcode_image character varying(100),
    qrcode_url character varying(200),
    qrcode_image character varying(100),
    ticket_order_id uuid NOT NULL,
    ticket_type_id uuid NOT NULL,
    CONSTRAINT events_ticketmodel_quantity_check CHECK ((quantity >= 0))
);


ALTER TABLE public.events_ticketmodel OWNER TO thomas;

--
-- Name: events_ticketordermodel; Type: TABLE; Schema: public; Owner: thomas
--

CREATE TABLE public.events_ticketordermodel (
    id uuid NOT NULL,
    created timestamp with time zone NOT NULL,
    updated timestamp with time zone NOT NULL,
    payment_method_type character varying(50),
    payment_method_card_holder character varying(50),
    payment_method_masked_card character varying(50),
    payment_method_scheme character varying(50),
    payment_date character varying(50),
    order_number character varying(300) NOT NULL,
    checkout_id character varying(200),
    email character varying(254),
    quantity bigint NOT NULL,
    subtotal numeric(1000,2) NOT NULL,
    total_price numeric(1000,2) NOT NULL,
    total_transaction_costs numeric(1000,2) NOT NULL,
    tip numeric(1000,2) NOT NULL,
    accepted_laws boolean NOT NULL,
    reservation_time time without time zone NOT NULL,
    paid character varying(300) NOT NULL,
    tickets_pdf_file character varying(100),
    buyer_id bigint,
    event_id uuid NOT NULL,
    CONSTRAINT events_ticketordermodel_quantity_check CHECK ((quantity >= 0))
);


ALTER TABLE public.events_ticketordermodel OWNER TO thomas;

--
-- Name: home_categorymodel; Type: TABLE; Schema: public; Owner: thomas
--

CREATE TABLE public.home_categorymodel (
    id uuid NOT NULL,
    created timestamp with time zone NOT NULL,
    updated timestamp with time zone NOT NULL,
    thumbnail character varying(100),
    slug character varying(350) NOT NULL,
    label character varying(250) NOT NULL
);


ALTER TABLE public.home_categorymodel OWNER TO thomas;

--
-- Name: home_commentmodel; Type: TABLE; Schema: public; Owner: thomas
--

CREATE TABLE public.home_commentmodel (
    id uuid NOT NULL,
    created timestamp with time zone NOT NULL,
    updated timestamp with time zone NOT NULL,
    comment text NOT NULL,
    commenter_id bigint,
    post_id uuid NOT NULL
);


ALTER TABLE public.home_commentmodel OWNER TO thomas;

--
-- Name: home_emailmodel; Type: TABLE; Schema: public; Owner: thomas
--

CREATE TABLE public.home_emailmodel (
    id uuid NOT NULL,
    created timestamp with time zone NOT NULL,
    updated timestamp with time zone NOT NULL,
    subject character varying(70) NOT NULL,
    from_email character varying(254) NOT NULL,
    name character varying(100) NOT NULL,
    phone character varying(15) NOT NULL,
    message text NOT NULL,
    task_id character varying(200) NOT NULL
);


ALTER TABLE public.home_emailmodel OWNER TO thomas;

--
-- Name: home_faq; Type: TABLE; Schema: public; Owner: thomas
--

CREATE TABLE public.home_faq (
    id uuid NOT NULL,
    created timestamp with time zone NOT NULL,
    updated timestamp with time zone NOT NULL,
    question character varying(250) NOT NULL,
    answer character varying(550) NOT NULL
);


ALTER TABLE public.home_faq OWNER TO thomas;

--
-- Name: home_postmodel; Type: TABLE; Schema: public; Owner: thomas
--

CREATE TABLE public.home_postmodel (
    id uuid NOT NULL,
    created timestamp with time zone NOT NULL,
    updated timestamp with time zone NOT NULL,
    image character varying(100),
    title character varying(150) NOT NULL,
    description character varying(200) NOT NULL,
    slug character varying(250) NOT NULL,
    content text NOT NULL,
    author_id bigint,
    category_id uuid NOT NULL
);


ALTER TABLE public.home_postmodel OWNER TO thomas;

--
-- Name: home_privacymodel; Type: TABLE; Schema: public; Owner: thomas
--

CREATE TABLE public.home_privacymodel (
    id uuid NOT NULL,
    created timestamp with time zone NOT NULL,
    updated timestamp with time zone NOT NULL,
    title character varying(150) NOT NULL,
    slug character varying(250) NOT NULL,
    description character varying(160) NOT NULL,
    content text NOT NULL
);


ALTER TABLE public.home_privacymodel OWNER TO thomas;

--
-- Name: payments_ndwandwabankmodel; Type: TABLE; Schema: public; Owner: thomas
--

CREATE TABLE public.payments_ndwandwabankmodel (
    id uuid NOT NULL,
    created timestamp with time zone NOT NULL,
    updated timestamp with time zone NOT NULL,
    balance numeric(1000,2) NOT NULL,
    order_id character varying(300) NOT NULL,
    tip character varying(200),
    received_at timestamp with time zone NOT NULL,
    order_uuid uuid
);


ALTER TABLE public.payments_ndwandwabankmodel OWNER TO thomas;

--
-- Name: payments_paymentinformation; Type: TABLE; Schema: public; Owner: thomas
--

CREATE TABLE public.payments_paymentinformation (
    id character varying(300) NOT NULL,
    data jsonb NOT NULL,
    order_number character varying(300),
    order_updated boolean NOT NULL,
    created timestamp with time zone NOT NULL,
    updated timestamp with time zone NOT NULL
);


ALTER TABLE public.payments_paymentinformation OWNER TO thomas;

--
-- Name: taggit_tag; Type: TABLE; Schema: public; Owner: thomas
--

CREATE TABLE public.taggit_tag (
    id integer NOT NULL,
    name character varying(100) NOT NULL,
    slug character varying(100) NOT NULL
);


ALTER TABLE public.taggit_tag OWNER TO thomas;

--
-- Name: taggit_tag_id_seq; Type: SEQUENCE; Schema: public; Owner: thomas
--

ALTER TABLE public.taggit_tag ALTER COLUMN id ADD GENERATED BY DEFAULT AS IDENTITY (
    SEQUENCE NAME public.taggit_tag_id_seq
    START WITH 1
    INCREMENT BY 1
    NO MINVALUE
    NO MAXVALUE
    CACHE 1
);


--
-- Name: taggit_taggeditem; Type: TABLE; Schema: public; Owner: thomas
--

CREATE TABLE public.taggit_taggeditem (
    id integer NOT NULL,
    object_id integer NOT NULL,
    content_type_id integer NOT NULL,
    tag_id integer NOT NULL
);


ALTER TABLE public.taggit_taggeditem OWNER TO thomas;

--
-- Name: taggit_taggeditem_id_seq; Type: SEQUENCE; Schema: public; Owner: thomas
--

ALTER TABLE public.taggit_taggeditem ALTER COLUMN id ADD GENERATED BY DEFAULT AS IDENTITY (
    SEQUENCE NAME public.taggit_taggeditem_id_seq
    START WITH 1
    INCREMENT BY 1
    NO MINVALUE
    NO MAXVALUE
    CACHE 1
);


--
-- Data for Name: accounts_companymodel; Type: TABLE DATA; Schema: public; Owner: thomas
--

COPY public.accounts_companymodel (address_one, address_two, city, province, country, zipcode, address_id, facebook, twitter, instagram, "linkedIn", id, created, updated, support_email, phone) FROM stdin;
Suite 2L & M	08 Old Main Road	Hillcrest	WC	South Africa	3650	\N	\N	\N	\N	\N	48b72d08-9bb1-46b2-a9a6-2ea6feb935e1	2024-04-27 02:57:14.359688+02	2024-05-03 15:49:57.252855+02	support@ndwandwa.africa	0839384614
\.


--
-- Data for Name: accounts_customusermodel; Type: TABLE DATA; Schema: public; Owner: thomas
--

COPY public.accounts_customusermodel (id, password, last_login, is_superuser, username, first_name, last_name, email, is_staff, is_active, date_joined, address_one, address_two, city, province, country, zipcode, address_id, facebook, twitter, instagram, "linkedIn", profile_image, title, maiden_name, phone, occupation, biography, professional_affiliations, identity_choice, identity_number, verification_status, is_technical, is_email_activated, created, updated, is_paid) FROM stdin;
6	pbkdf2_sha256$600000$CPblwT5tZ98bo2LnxHQyeU$opCTLcKzijv+jLn9ojB9OmRVXgukEyPFMMuHrm05oJQ=	2024-07-24 20:42:47.547026+02	f	Esethu	Esethu	Dlabantu	esethudlabantu@gmail.com	f	t	2024-07-24 20:41:23.785408+02	\N	\N	East London	Eastern Cape	South Africa	5200	\N	\N	\N	\N	\N	images/global/no-image-available.webp	Ms	Dlabantu	\N	\N		\N	ID_NUMBER	8308110902086	NOT APPROVED	f	t	2024-07-24 20:41:24.367145+02	2024-07-24 20:41:24.367165+02	NOT PAID
2	pbkdf2_sha256$600000$tbIhPAiismjaYu17F3FQ72$mPsBWGuFWHmYTx4Xs6Q8TcJUIHnIlsdu3GJz4oEiS58=	2024-08-22 20:45:01.348666+02	t	Tom	Thomas	Gumede	gumedethomas12@gmail.com	t	t	2024-04-27 00:58:02+02	Cinci KwaMthethwa	Some Road	KWAMBONAMBI	KZN	South Africa	182	\N	https://www.facebook.com/tom.gumede.56/	https://www.twitter.com/Tom77246762	\N	https://www.linkedin.com/in/thomas-gumede-2020331b4/	profile/62b749117c3440b185a1b5180393a9b9.jpeg	Mr	\N	0640701334	software developer	legend	N/A	ID_NUMBER	0105119703087	APPROVED	t	t	2024-04-27 00:58:03.90965+02	2024-05-03 15:59:26.704507+02	PAID
3	pbkdf2_sha256$600000$mvcaKLsApOBun8l98jNTpm$Q8RtFZaozJnS01Ms9l9CqTjHLmr2Hf96BDKpL1j6bic=	2024-10-10 19:46:24.627256+02	t	sazi.ndwandwa	Sazi Asanda	Ndwandwa	sazi.ndwandwa@gmail.com	t	t	2024-04-27 06:56:49+02	Milnerton	\N	Cape Town	Western Cape	South Africa	7441	\N	https://www.facebook.com/saahzmentality/	\N	https://www.instagram.com/saahzmentality/	https://www.linkedin.com/in/sazi-ndwandwa-ca-sa-mphil-management-coaching-0a59861b3/	profile/3f98cbf68c0b4b5692d836b2cedb1135.jpg	Mr	None	\N	Business Growth Consultant		SAICA,	ID_NUMBER	8108135657081	NOT APPROVED	f	t	2024-04-27 06:56:51.113317+02	2024-05-11 21:36:26.566824+02	NOT PAID
\.


--
-- Data for Name: accounts_customusermodel_groups; Type: TABLE DATA; Schema: public; Owner: thomas
--

COPY public.accounts_customusermodel_groups (id, customusermodel_id, group_id) FROM stdin;
\.


--
-- Data for Name: accounts_customusermodel_user_permissions; Type: TABLE DATA; Schema: public; Owner: thomas
--

COPY public.accounts_customusermodel_user_permissions (id, customusermodel_id, permission_id) FROM stdin;
\.


--
-- Data for Name: accounts_identityverificationmodel; Type: TABLE DATA; Schema: public; Owner: thomas
--

COPY public.accounts_identityverificationmodel (id, created, updated, identity_image, identitybook_image, user_id) FROM stdin;
\.


--
-- Data for Name: accounts_mailinggroupmodel; Type: TABLE DATA; Schema: public; Owner: thomas
--

COPY public.accounts_mailinggroupmodel (id, created, updated, slug, title, description) FROM stdin;
\.


--
-- Data for Name: accounts_mailmessagemodel; Type: TABLE DATA; Schema: public; Owner: thomas
--

COPY public.accounts_mailmessagemodel (id, created, updated, from_mail, subject, message, mailing_group_id) FROM stdin;
\.


--
-- Data for Name: accounts_qualificationmodel; Type: TABLE DATA; Schema: public; Owner: thomas
--

COPY public.accounts_qualificationmodel (id, created, updated, institution, title, qualification_type, year, owner_id) FROM stdin;
6700942e-2ffd-4d96-b61e-8f55177e5a2d	2024-04-27 03:06:58.849198+02	2024-04-27 03:06:58.849246+02	UNIZULU	BCom Accounting	BACHELOR	2019  - 2022	2
d0c9318d-abc0-4552-8cd9-d59e7de54336	2024-04-27 03:07:16.295509+02	2024-04-27 03:07:16.295545+02	Ekupheleni High School	Grade 12	MATRIC	2018	2
0e8d60e5-31ca-463d-b064-b5a51813cbf2	2024-05-10 00:20:19.989432+02	2024-05-10 00:20:19.989472+02	University of Cape Town	BCom Accounting, Auditing And Tax	BACHELOR	2000 - 2003	3
2d7ba9fc-e8bb-479f-b5b9-91676dc9495b	2024-05-10 00:21:05.971209+02	2024-05-10 00:21:05.971244+02	University of South Africa	BCompt Honours in Accounting, Auditing, and Tax	HONOURS	2006 - 2007	3
47a26463-5659-4337-98c9-ee360a233196	2024-05-10 00:21:43.332798+02	2024-05-10 00:21:43.33285+02	Unviersity of Stellenbosch Business School	MPhil Management Coaching	MASTER	2019 - 2020	3
\.


--
-- Data for Name: accounts_relativemodel; Type: TABLE DATA; Schema: public; Owner: thomas
--

COPY public.accounts_relativemodel (id, created, updated, profile_image, title, full_name, maiden_name, surname, relationship, phone, gender, relative_side, description, relative_id, date_of_birth, date_of_death) FROM stdin;
42a7eac4-c962-4b47-bc64-3babd4b36a43	2024-05-10 00:26:10.314474+02	2024-05-11 21:36:26.575069+02		Mr	Daluvuyo Mandiluve	\N	Ndwandwa	BROTHER	\N	MALE	\N	Agricultural Management.\r\n\r\nDecease May 2022.	3	\N	\N
569365f1-cf2c-48a6-84dd-48f9390c8f03	2024-04-27 07:14:17.016763+02	2024-05-11 21:36:26.576777+02		Mr	Vulisango Wiseman	\N	Ndwandwa	COUSIN	\N	MALE	FATHER		3	\N	\N
58c698dd-0bf0-4990-807f-1e51b61f7241	2024-05-10 00:27:12.154741+02	2024-05-11 21:36:26.577975+02		Mr	Ngqondi Phikolomzi	\N	Ndwandwa	BROTHER	\N	MALE	\N	Iphelo.\r\n\r\nGeotechnical Engineer. \r\n\r\nSelf-employed.	3	\N	\N
5e561baa-44ca-49f2-9220-0a3df80ebc6b	2024-05-10 00:29:32.355205+02	2024-05-11 21:36:26.579312+02		Ms	Sibongile Ayacanorah	Xulu	Ndwandwa	MOTHER	\N	FEMALE	\N	Retired.	3	\N	\N
69e44481-1d30-45fc-ab49-cb653167052e	2024-05-10 00:24:37.093535+02	2024-05-11 21:36:26.580521+02		Mr	Simo Avuyile	\N	Ndwandwa	BROTHER	\N	MALE	\N	IT specialist in network design and set up, as well as hardware configuration.	3	\N	\N
877edb68-6e14-4295-a91c-ebd87fa5cd8e	2024-05-10 00:23:27.229643+02	2024-05-11 21:36:26.581734+02		Ms	Nontyatyambo Ziyanda	\N	Ndwandwa	SISTER	\N	FEMALE	\N	My sister ondelekelayo. Same father. Same mother.\r\n\r\n2 years my junior.\r\n\r\nCivil Engineer.	3	\N	\N
88534c1e-5a6e-44da-9a0b-87e1ec0b1d15	2024-05-10 00:33:11.970567+02	2024-05-11 21:36:26.582945+02		Mr	Singumkhosi Lubanzi	\N	Ndwandwa	SON	\N	MALE	\N		3	\N	\N
9fca8542-277e-40d0-93ef-0c86fa8b3f19	2024-05-11 05:12:48.708498+02	2024-05-11 21:36:26.584159+02		Ms	Sinabantu Joy Blossom	\N	Ndwandwa	COUSIN	\N	FEMALE	FATHER'S SIDE		3	1986-09-07	\N
a623572f-3d89-4910-aaee-124897a9e1c9	2024-05-10 00:31:16.747274+02	2024-05-11 21:36:26.585423+02		Mr	Gcinumthetho Cyprian Justice	\N	Ndwandwa	FATHER	\N	MALE	\N	Insurance Broker. \r\n\r\nDeceased 03 August 2011.\r\nBuried 13 August 2011.	3	\N	\N
abba4009-c73c-4e1a-b799-96c831cf52eb	2024-05-10 00:28:31.088772+02	2024-05-11 21:36:26.586581+02		Mrs	Esona-sethu Emihle	Dlabantu	Ndwandwa	WIFE	\N	FEMALE	\N	Wife. \r\nMarried 25 December 2007 traditional and 15 December 2008 Western.\r\n\r\nClinical Psychologist.	3	\N	\N
c04d6435-a136-4e41-9ca1-69312e073889	2024-05-10 00:32:10.391202+02	2024-05-11 21:36:26.587992+02		Ms	Siyathandwa Luvuyo-lwam	\N	Ndwandwa	DAUGHTER	\N	FEMALE	\N		3	\N	\N
eefbb03e-babf-4c11-8851-3a5aa0167f71	2024-05-10 00:32:47.503752+02	2024-05-11 21:36:26.589456+02		Mr	Sazolukabawo Mahlubagcinene	\N	Ndwandwa	SON	\N	MALE	\N		3	\N	\N
6928004b-25e5-4e5c-870d-3dc65de8bb97	2024-04-27 03:08:34.941922+02	2024-05-16 23:55:37.061215+02	profile/relatives/42525d99f9fa4393b4c570107f48ac99.png	Mr	Wandile	\N	Gumede	BROTHER	\N	MALE	\N	Testing	2	2001-05-11	\N
\.


--
-- Data for Name: accounts_subscribemodel; Type: TABLE DATA; Schema: public; Owner: thomas
--

COPY public.accounts_subscribemodel (id, created, updated, mailinggroup_id, user_id) FROM stdin;
\.


--
-- Data for Name: accounts_walletmodel; Type: TABLE DATA; Schema: public; Owner: thomas
--

COPY public.accounts_walletmodel (id, created, updated, name, balance, status, cleared_date, owner_id) FROM stdin;
6003fde8-39e3-4ea8-8ad3-25ec4580794d	2024-04-27 01:05:15.101296+02	2024-05-03 15:59:26.711421+02	tom-wallet	0.00	No status	2024-04-27 01:04:54+02	2
d1af19b7-3534-45f0-8064-c95c31b1e486	2024-04-30 02:54:34.519315+02	2024-05-03 15:52:43.578034+02	sazi-wallet	150.00	No status	2024-04-30 02:53:37+02	3
7b722054-45ad-47ec-8e0e-8b053c4ed3ae	2024-07-24 20:41:24.404887+02	2024-07-24 20:41:24.404912+02	Esethu-wallet	0.00	('No status', 'No status')	2024-07-24 20:41:24.404388+02	6
\.


--
-- Data for Name: admin_interface_theme; Type: TABLE DATA; Schema: public; Owner: thomas
--

COPY public.admin_interface_theme (id, name, active, title, title_visible, logo, logo_visible, css_header_background_color, title_color, css_header_text_color, css_header_link_color, css_header_link_hover_color, css_module_background_color, css_module_text_color, css_module_link_color, css_module_link_hover_color, css_module_rounded_corners, css_generic_link_color, css_generic_link_hover_color, css_save_button_background_color, css_save_button_background_hover_color, css_save_button_text_color, css_delete_button_background_color, css_delete_button_background_hover_color, css_delete_button_text_color, list_filter_dropdown, related_modal_active, related_modal_background_color, related_modal_rounded_corners, logo_color, recent_actions_visible, favicon, related_modal_background_opacity, env_name, env_visible_in_header, env_color, env_visible_in_favicon, related_modal_close_button_visible, language_chooser_active, language_chooser_display, list_filter_sticky, form_pagination_sticky, form_submit_sticky, css_module_background_selected_color, css_module_link_selected_color, logo_max_height, logo_max_width, foldable_apps, language_chooser_control, list_filter_highlight, list_filter_removal_links, show_fieldsets_as_tabs, show_inlines_as_tabs, css_generic_link_active_color, collapsible_stacked_inlines, collapsible_stacked_inlines_collapsed, collapsible_tabular_inlines, collapsible_tabular_inlines_collapsed) FROM stdin;
1	Ndwandwa Family Foundation	t	Ndwandwa administration	t	admin-interface/logo/logo.png	t	#0C132C	#FFFFFF	#FFFFFF	#FFFFFF	#FFFFFF	#0C132C	#FFFFFF	#FFFFFF	#C9F0DD	t	#0C132C	#156641	#007EA7	#00AEE7	#FFFFFF	#BA2121	#A41515	#FFFFFF	t	t	#000000	t	#FCFCFC	t	admin-interface/favicon/favicon.ico	0.3		t	#E74C3C	t	t	t	code	t	f	f	#747474	#FFFFFF	50	50	t	default-select	t	f	t	f	#29B864	f	t	f	t
\.


--
-- Data for Name: auth_group; Type: TABLE DATA; Schema: public; Owner: thomas
--

COPY public.auth_group (id, name) FROM stdin;
\.


--
-- Data for Name: auth_group_permissions; Type: TABLE DATA; Schema: public; Owner: thomas
--

COPY public.auth_group_permissions (id, group_id, permission_id) FROM stdin;
\.


--
-- Data for Name: auth_permission; Type: TABLE DATA; Schema: public; Owner: thomas
--

COPY public.auth_permission (id, name, content_type_id, codename) FROM stdin;
1	Can add Theme	1	add_theme
2	Can change Theme	1	change_theme
3	Can delete Theme	1	delete_theme
4	Can view Theme	1	view_theme
5	Can add log entry	2	add_logentry
6	Can change log entry	2	change_logentry
7	Can delete log entry	2	delete_logentry
8	Can view log entry	2	view_logentry
9	Can add permission	3	add_permission
10	Can change permission	3	change_permission
11	Can delete permission	3	delete_permission
12	Can view permission	3	view_permission
13	Can add group	4	add_group
14	Can change group	4	change_group
15	Can delete group	4	delete_group
16	Can view group	4	view_group
17	Can add content type	5	add_contenttype
18	Can change content type	5	change_contenttype
19	Can delete content type	5	delete_contenttype
20	Can view content type	5	view_contenttype
21	Can add session	6	add_session
22	Can change session	6	change_session
23	Can delete session	6	delete_session
24	Can view session	6	view_session
25	Can add Account	7	add_customusermodel
26	Can change Account	7	change_customusermodel
27	Can delete Account	7	delete_customusermodel
28	Can view Account	7	view_customusermodel
29	Can add Mailing group	8	add_mailinggroupmodel
30	Can change Mailing group	8	change_mailinggroupmodel
31	Can delete Mailing group	8	delete_mailinggroupmodel
32	Can view Mailing group	8	view_mailinggroupmodel
33	Can add Wallet	9	add_walletmodel
34	Can change Wallet	9	change_walletmodel
35	Can delete Wallet	9	delete_walletmodel
36	Can view Wallet	9	view_walletmodel
37	Can add Subscribe	10	add_subscribemodel
38	Can change Subscribe	10	change_subscribemodel
39	Can delete Subscribe	10	delete_subscribemodel
40	Can view Subscribe	10	view_subscribemodel
41	Can add Relative	11	add_relativemodel
42	Can change Relative	11	change_relativemodel
43	Can delete Relative	11	delete_relativemodel
44	Can view Relative	11	view_relativemodel
45	Can add Qualification	12	add_qualificationmodel
46	Can change Qualification	12	change_qualificationmodel
47	Can delete Qualification	12	delete_qualificationmodel
48	Can view Qualification	12	view_qualificationmodel
49	Can add Mail Message	13	add_mailmessagemodel
50	Can change Mail Message	13	change_mailmessagemodel
51	Can delete Mail Message	13	delete_mailmessagemodel
52	Can view Mail Message	13	view_mailmessagemodel
53	Can add Identity Verification	14	add_identityverificationmodel
54	Can change Identity Verification	14	change_identityverificationmodel
55	Can delete Identity Verification	14	delete_identityverificationmodel
56	Can view Identity Verification	14	view_identityverificationmodel
57	Can add Categorie	15	add_categorymodel
58	Can change Categorie	15	change_categorymodel
59	Can delete Categorie	15	delete_categorymodel
60	Can view Categorie	15	view_categorymodel
61	Can add Email	16	add_emailmodel
62	Can change Email	16	change_emailmodel
63	Can delete Email	16	delete_emailmodel
64	Can view Email	16	view_emailmodel
65	Can add FAQ	17	add_faq
66	Can change FAQ	17	change_faq
67	Can delete FAQ	17	delete_faq
68	Can view FAQ	17	view_faq
69	Can add Privacy	18	add_privacymodel
70	Can change Privacy	18	change_privacymodel
71	Can delete Privacy	18	delete_privacymodel
72	Can view Privacy	18	view_privacymodel
73	Can add Post	19	add_postmodel
74	Can change Post	19	change_postmodel
75	Can delete Post	19	delete_postmodel
76	Can view Post	19	view_postmodel
77	Can add Comment	20	add_commentmodel
78	Can change Comment	20	change_commentmodel
79	Can delete Comment	20	delete_commentmodel
80	Can view Comment	20	view_commentmodel
81	Can add Campaigns	21	add_campaignmodel
82	Can change Campaigns	21	change_campaignmodel
83	Can delete Campaigns	21	delete_campaignmodel
84	Can view Campaigns	21	view_campaignmodel
85	Can add Contribution	22	add_contributionmodel
86	Can change Contribution	22	change_contributionmodel
87	Can delete Contribution	22	delete_contributionmodel
88	Can view Contribution	22	view_contributionmodel
89	Can add CampaignUpdate	23	add_campaignupdatemodel
90	Can change CampaignUpdate	23	change_campaignupdatemodel
91	Can delete CampaignUpdate	23	delete_campaignupdatemodel
92	Can view CampaignUpdate	23	view_campaignupdatemodel
93	Can add Event	24	add_eventmodel
94	Can change Event	24	change_eventmodel
95	Can delete Event	24	delete_eventmodel
96	Can view Event	24	view_eventmodel
97	Can add event ticket type model	25	add_eventtickettypemodel
98	Can change event ticket type model	25	change_eventtickettypemodel
99	Can delete event ticket type model	25	delete_eventtickettypemodel
100	Can view event ticket type model	25	view_eventtickettypemodel
101	Can add Ticker order	26	add_ticketordermodel
102	Can change Ticker order	26	change_ticketordermodel
103	Can delete Ticker order	26	delete_ticketordermodel
104	Can view Ticker order	26	view_ticketordermodel
105	Can add Ticket	27	add_ticketmodel
106	Can change Ticket	27	change_ticketmodel
107	Can delete Ticket	27	delete_ticketmodel
108	Can view Ticket	27	view_ticketmodel
109	Can add ndwandwa bank model	28	add_ndwandwabankmodel
110	Can change ndwandwa bank model	28	change_ndwandwabankmodel
111	Can delete ndwandwa bank model	28	delete_ndwandwabankmodel
112	Can view ndwandwa bank model	28	view_ndwandwabankmodel
113	Can add Payment Information	29	add_paymentinformation
114	Can change Payment Information	29	change_paymentinformation
115	Can delete Payment Information	29	delete_paymentinformation
116	Can view Payment Information	29	view_paymentinformation
117	Can add tag	30	add_tag
118	Can change tag	30	change_tag
119	Can delete tag	30	delete_tag
120	Can view tag	30	view_tag
121	Can add tagged item	31	add_taggeditem
122	Can change tagged item	31	change_taggeditem
123	Can delete tagged item	31	delete_taggeditem
124	Can view tagged item	31	view_taggeditem
125	Can add crontab	32	add_crontabschedule
126	Can change crontab	32	change_crontabschedule
127	Can delete crontab	32	delete_crontabschedule
128	Can view crontab	32	view_crontabschedule
129	Can add interval	33	add_intervalschedule
130	Can change interval	33	change_intervalschedule
131	Can delete interval	33	delete_intervalschedule
132	Can view interval	33	view_intervalschedule
133	Can add periodic task	34	add_periodictask
134	Can change periodic task	34	change_periodictask
135	Can delete periodic task	34	delete_periodictask
136	Can view periodic task	34	view_periodictask
137	Can add periodic tasks	35	add_periodictasks
138	Can change periodic tasks	35	change_periodictasks
139	Can delete periodic tasks	35	delete_periodictasks
140	Can view periodic tasks	35	view_periodictasks
141	Can add solar event	36	add_solarschedule
142	Can change solar event	36	change_solarschedule
143	Can delete solar event	36	delete_solarschedule
144	Can view solar event	36	view_solarschedule
145	Can add clocked	37	add_clockedschedule
146	Can change clocked	37	change_clockedschedule
147	Can delete clocked	37	delete_clockedschedule
148	Can view clocked	37	view_clockedschedule
149	Can add task result	38	add_taskresult
150	Can change task result	38	change_taskresult
151	Can delete task result	38	delete_taskresult
152	Can view task result	38	view_taskresult
153	Can add chord counter	39	add_chordcounter
154	Can change chord counter	39	change_chordcounter
155	Can delete chord counter	39	delete_chordcounter
156	Can view chord counter	39	view_chordcounter
157	Can add group result	40	add_groupresult
158	Can change group result	40	change_groupresult
159	Can delete group result	40	delete_groupresult
160	Can view group result	40	view_groupresult
161	Can add Company Details	41	add_companymodel
162	Can change Company Details	41	change_companymodel
163	Can delete Company Details	41	delete_companymodel
164	Can view Company Details	41	view_companymodel
165	Can add Package	42	add_subscriptionpackage
166	Can change Package	42	change_subscriptionpackage
167	Can delete Package	42	delete_subscriptionpackage
168	Can view Package	42	view_subscriptionpackage
169	Can add Business	43	add_business
170	Can change Business	43	change_business
171	Can delete Business	43	delete_business
172	Can view Business	43	view_business
173	Can add Category	44	add_category
174	Can change Category	44	change_category
175	Can delete Category	44	delete_category
176	Can view Category	44	view_category
177	Can add Business Review	45	add_businessreview
178	Can change Business Review	45	change_businessreview
179	Can delete Business Review	45	delete_businessreview
180	Can view Business Review	45	view_businessreview
181	Can add business content	46	add_businesscontent
182	Can change business content	46	change_businesscontent
183	Can delete business content	46	delete_businesscontent
184	Can view business content	46	view_businesscontent
185	Can add Business Hour	47	add_businesshour
186	Can change Business Hour	47	change_businesshour
187	Can delete Business Hour	47	delete_businesshour
188	Can view Business Hour	47	view_businesshour
\.


--
-- Data for Name: business_business; Type: TABLE DATA; Schema: public; Owner: thomas
--

COPY public.business_business (address_one, address_two, city, province, country, zipcode, address_id, facebook, twitter, instagram, "linkedIn", id, created, updated, background_image, logo, title, slogan, slug, details, map_coordinates, phone, website, email, bbbee_level, status, category_id, owner_id) FROM stdin;
Cinci KwaMthethwa	\N	KwaMbonambi	KZN	South Africa	3915	\N	https://www.facebook.com/tom.gumede.56/	https://www.twitter.com/Tom77246762	\N	https://www.linkedin.com/in/thomas-gumede-2020331b4/	516997f4-ed68-4741-aace-73bac0c27504	2024-07-05 01:45:59.120365+02	2024-07-05 02:04:13.472839+02	business/355e2ac16b1d4a73b595d4506d27220c.png	business/600a3775866645a3bc531ac0cd38db37.png	WeDodev Solutions	Your vision, our expertise, limitless possibilities	wedodev-solutions	<p>Wedodev is a dynamic web design agency located in the vibrant heart of KwaMbonambi, KZN. As a proudly black-owned business, it stands out in the region for its commitment to excellence and innovation. With a small but highly skilled team of three dedicated employees, Wedodev offers a wide array of services, including web design and development, IT services, web maintenance, graphic design, and social media marketing management.</p>\r\n<p>&nbsp;</p>\r\n<p>At Wedodev, the focus is on delivering high-quality, tailored solutions that meet and exceed clients' expectations. The agency's expertise in web design and development ensures that each project is not only visually appealing but also functionally robust and user-friendly. Their comprehensive IT services and web maintenance solutions provide clients with the support they need to keep their digital presence running smoothly and efficiently.</p>\r\n<p>&nbsp;</p>\r\n<p>In addition to their technical prowess, Wedodev excels in graphic design and social media marketing management, helping businesses to create strong, cohesive brand identities and effectively engage with their target audiences. The agency's commitment to client satisfaction is evident in their meticulous attention to detail and dedication to staying ahead of industry trends. By consistently delivering exceptional results, Wedodev has established itself as a trusted partner for businesses looking to enhance their online presence and achieve their digital goals.</p>	\N	0663409363	https://wedodev.site	http://gumedethomas12@gmail.com	NOT	APPROVED	159c1289-f25f-419e-ac19-9a03e42ee387	2
\.


--
-- Data for Name: business_businesscontent; Type: TABLE DATA; Schema: public; Owner: thomas
--

COPY public.business_businesscontent (id, created, updated, image, business_id) FROM stdin;
d7d94a7c-69be-4e56-9266-d5aa70aee0f4	2024-07-05 01:45:59.133199+02	2024-07-05 01:45:59.13322+02	business/97301689ee114e15a3d74ec6819a4192.png	516997f4-ed68-4741-aace-73bac0c27504
404fe3b3-4938-48f0-994d-4c8029d995e5	2024-07-05 01:45:59.138819+02	2024-07-05 01:45:59.138837+02	business/151586f3811f45a183e6023d75337986.png	516997f4-ed68-4741-aace-73bac0c27504
\.


--
-- Data for Name: business_businesshour; Type: TABLE DATA; Schema: public; Owner: thomas
--

COPY public.business_businesshour (id, created, updated, day, operating, open_time, close_time, business_id) FROM stdin;
7582ea26-4bc2-424e-9298-fc72794c3f32	2024-07-05 01:45:59.16578+02	2024-07-05 01:45:59.165796+02	SU	t	09:00:00	16:00:00	516997f4-ed68-4741-aace-73bac0c27504
ea260eef-7318-4ab8-85b1-cbd40943f25d	2024-07-05 01:45:59.14319+02	2024-07-05 02:04:13.484744+02	MO	t	08:00:00	18:00:00	516997f4-ed68-4741-aace-73bac0c27504
6bd3bbb6-904d-4746-b578-db76b616c30b	2024-07-05 01:45:59.148913+02	2024-07-05 02:04:13.492252+02	TU	t	08:00:00	18:00:00	516997f4-ed68-4741-aace-73bac0c27504
2ff91f7e-5b33-4545-b953-da639e48d40a	2024-07-05 01:45:59.152829+02	2024-07-05 02:04:13.497792+02	WE	t	08:00:00	18:00:00	516997f4-ed68-4741-aace-73bac0c27504
22ad9669-6bdf-4fcd-9abc-dacc59e111fe	2024-07-05 01:45:59.156037+02	2024-07-05 02:04:13.502726+02	TH	t	08:00:00	18:00:00	516997f4-ed68-4741-aace-73bac0c27504
79966922-9407-4599-a4bf-26d1c2b03a9c	2024-07-05 01:45:59.159321+02	2024-07-05 02:04:13.506835+02	FR	t	08:00:00	18:00:00	516997f4-ed68-4741-aace-73bac0c27504
c74ddb6e-b5c4-4f68-8b83-49d5d2d45fbc	2024-07-05 01:45:59.162404+02	2024-07-05 02:04:13.511091+02	SA	t	09:00:00	16:00:00	516997f4-ed68-4741-aace-73bac0c27504
\.


--
-- Data for Name: business_businessreview; Type: TABLE DATA; Schema: public; Owner: thomas
--

COPY public.business_businessreview (id, created, updated, commenter_email, commenter_full_names, comment, business_id, commenter_id) FROM stdin;
05b5153e-2d01-46f7-a1e8-58832d79e636	2024-07-05 02:04:45.80476+02	2024-07-05 02:04:45.804772+02	gumedethomas12@gmail.com	Thomas Gumede	Checking The Review System if it works.	516997f4-ed68-4741-aace-73bac0c27504	2
1f614f9c-13f9-4d71-a460-b3b68153c4ce	2024-07-05 05:23:02.871544+02	2024-07-05 05:23:02.871561+02	gumedethomas12@gmail.com	Thomas Gumede	Testing again	516997f4-ed68-4741-aace-73bac0c27504	2
\.


--
-- Data for Name: business_category; Type: TABLE DATA; Schema: public; Owner: thomas
--

COPY public.business_category (id, created, updated, thumbnail, slug, label) FROM stdin;
75ff4de1-2a02-4540-aada-e8f3b2bc3884	2024-07-05 01:02:04.610509+02	2024-07-05 01:02:04.610529+02	category/business/Medical.png	medical	Medical
c7b8433d-92a5-4c4d-a79a-7cdfbebcf9f3	2024-07-05 01:02:49.422432+02	2024-07-05 01:02:49.422453+02		agriculture	Agriculture
12275a52-9f91-481a-a8ec-8156142b5f7b	2024-07-05 01:03:01.998283+02	2024-07-05 01:03:01.998314+02		fitness	Fitness
a1a49a34-a8e2-4b0c-ae6c-562b5142cf68	2024-07-05 01:03:27.779099+02	2024-07-05 01:03:27.779118+02		restaurant	Restaurant
5c4dc822-0cee-48fc-894a-186a943858bf	2024-07-05 01:03:42.485053+02	2024-07-05 01:03:42.485082+02		beauty	Beauty
35062687-83ff-4dbb-b00d-3d80682cac10	2024-07-05 01:03:56.346304+02	2024-07-05 01:03:56.346324+02		shopping	Shopping
0653246b-e021-40d5-b163-4aaef8fc052b	2024-07-05 01:04:12.27746+02	2024-07-05 01:04:12.277479+02		bookstore	Bookstore
28187d3a-9f58-4eea-838f-38e77d526f8e	2024-07-05 01:04:48.585799+02	2024-07-05 01:04:48.585828+02		electrical-services	Electrical Services
ef7aa6dd-555d-4176-bc03-841dc70122b6	2024-07-05 01:05:09.325501+02	2024-07-05 01:05:09.325524+02		digital-agency	Digital Agency
3f884487-65f0-4f0f-a3e7-901eb580b70d	2024-07-05 01:05:28.184933+02	2024-07-05 01:05:28.184967+02		software-company	Software company
7a570368-6f63-466a-9ada-1c4f9e83a9dc	2024-07-05 01:05:37.423512+02	2024-07-05 01:05:37.423544+02		other	Other
cb3c0756-0aed-4f11-9f68-be9bb8806c04	2024-07-05 01:06:42.46241+02	2024-07-05 01:06:42.462447+02		healthcare-provider	Healthcare Provider
efe4d712-8b5a-4470-81a8-97adcab6850e	2024-07-05 01:07:30.673048+02	2024-07-05 01:07:30.673069+02		hotels-and-accommodations	Hotels and Accommodations
f5dc38a2-be24-4b3f-964f-76128820c7a3	2024-07-05 01:07:57.199758+02	2024-07-05 01:07:57.199817+02		hr-and-recruitments	HR and Recruitments
c147ff42-ad40-4950-aade-93c9aca8cb8e	2024-07-05 01:08:28.719736+02	2024-07-05 01:08:28.719764+02		financial-services	Financial Services
ea7a0566-6335-40df-b0bc-a48074583c8f	2024-07-05 01:08:49.492646+02	2024-07-05 01:08:49.492692+02		construction	Construction
159c1289-f25f-419e-ac19-9a03e42ee387	2024-07-05 01:09:19.118591+02	2024-07-05 01:09:19.118616+02		web-design-agency	Web Design Agency
bfd7e9dd-e53e-4a64-88de-0e4748b93701	2024-07-05 01:09:43.996209+02	2024-07-05 01:09:43.996254+02		education-and-training	Education and Training
\.


--
-- Data for Name: campaigns_campaignmodel; Type: TABLE DATA; Schema: public; Owner: thomas
--

COPY public.campaigns_campaignmodel (id, created, updated, image, title, slug, details, target, current_amount, start_date, end_date, status, is_featured, category_id, organiser_id) FROM stdin;
c5361aca-ed90-4ce5-8b77-b99193c13a05	2024-08-31 22:28:09.234804+02	2024-08-31 22:28:09.234828+02	campaign/8aff79ea1a864681bf2d74e6e548d62a.jpg	December get together	december-get-together	<p>Family get together&nbsp;</p>	5000.00	0.00	2024-08-31 22:25:47+02	2024-12-26 22:30:47+02	NOT APPROVED	f	586451b9-05b1-44dc-961a-269e72be9ea2	3
e85d1540-07ee-4e87-b23b-a0b40d836a52	2024-05-02 11:06:11.979732+02	2024-05-10 14:37:48.289884+02	campaign/43d3f6aab4a34f278ab6ba6bd62eb7ff.png	Fundraiser for building and maintaining family website (www.ndwandwa.africa)	fundraiser-for-building-and-maintaining-family-website-wwwndwandwaafrica	<p>BoBhukula.</p>\r\n<p>A united family is a successful family.&nbsp;</p>\r\n<p>To unite, family should be able to communicate, plan and support each other.&nbsp;</p>\r\n<p>It is also important that we are able to keep a record of our family tree - remembering those who have passed; and acknowledging new family members when they are born.&nbsp;</p>\r\n<p>This website is meant to make it easy for family to do these things including:</p>\r\n<p>- recording relatives and family members to build a family tree</p>\r\n<p>- Asking for financial help from family for business projects, funding of school fees, or any other thing for which we would want to make it easy for us to reach out and support each other</p>\r\n<p>- Arranging events (such as family get togethers) and collecting contributions for these family events.&nbsp;</p>\r\n<p>This website is designed to do this and I am now appealing for contributions for building and maintaining it for all of us.&nbsp;</p>\r\n<p>Your son, brother, and father</p>\r\n<p>Sazi Asanda Ndwandwa</p>\r\n<p>&nbsp;</p>\r\n<p>&nbsp;</p>	35000.00	50.00	2024-05-02 10:57:21+02	2024-11-16 11:00:21+02	APPROVED	t	ce72f749-1190-4d8f-bc51-711afa0d76bc	3
b3ce9b24-8287-4932-9788-675f7e0fa022	2024-07-23 20:16:28.238933+02	2024-07-23 20:25:25.302364+02	campaign/40c28904bf004f82bd7357017269f477.jpg	Help us build this family a new home	help-us-build-this-family-a-new-home	<p>The heavy summer rains in the Easten Cape destroyed the home of this family of 1 elderly lady and 7 children.&nbsp;</p>\r\n<p>&nbsp;</p>\r\n<p>Since then their living conditions have been harsh.</p>\r\n<p>&nbsp;</p>\r\n<p>The village, their community, has put out a call asking for help.</p>\r\n<p>&nbsp;</p>\r\n<p>Help us help them.</p>\r\n<p>&nbsp;</p>\r\n<p>Give as little as you can and as much as you can.</p>\r\n<p>&nbsp;</p>\r\n<p>We want to build them a new home with basic furnishings.</p>\r\n<p>&nbsp;</p>\r\n<p>Thank you, in advance.</p>\r\n<p>&nbsp;</p>\r\n<p>Sazi Ndwandwa</p>\r\n<p>The Black Business Growth Initiative</p>	150000.00	50.00	2024-07-23 20:00:49+02	2024-08-31 20:00:41+02	Completed	t	1413020d-4eff-419f-b6bd-8749523a6d66	3
\.


--
-- Data for Name: campaigns_campaignupdatemodel; Type: TABLE DATA; Schema: public; Owner: thomas
--

COPY public.campaigns_campaignupdatemodel (id, updated, title, content, created, campaign_id) FROM stdin;
\.


--
-- Data for Name: campaigns_contributionmodel; Type: TABLE DATA; Schema: public; Owner: thomas
--

COPY public.campaigns_contributionmodel (id, created, updated, payment_method_type, payment_method_card_holder, payment_method_masked_card, payment_method_scheme, payment_date, order_number, checkout_id, amount, tip, total_amount, accepted_laws, message, paid, anonymous, receipt, campaign_id, contributor_id) FROM stdin;
99a14fbc-584e-43b3-b8fa-dfa5f3ab722a	2024-05-10 00:10:34.928607+02	2024-05-10 00:10:34.928667+02	-	-	************3681	visa	\N	NFRF202451	ch_aEqGDDQvj1QSlOkfo9F1B5xD	50.00	10%	55.00	t	I support this idea fully, Bhukula!\r\n\r\nI am curious to see where you take it.\r\n\r\nSazi	PAID	f		e85d1540-07ee-4e87-b23b-a0b40d836a52	3
dacb72a0-d602-41ea-a399-60524bdd5021	2024-07-23 20:27:11.783461+02	2024-07-23 20:27:11.783589+02	-	-	************3681	visa	\N	NFRF20247	ch_pLpJpZj1Y3GiXK7HvGSGpAgZ	50.00	10%	55.00	t		PAID	t		b3ce9b24-8287-4932-9788-675f7e0fa022	3
\.


--
-- Data for Name: django_admin_log; Type: TABLE DATA; Schema: public; Owner: thomas
--

COPY public.django_admin_log (id, action_time, object_id, object_repr, action_flag, change_message, content_type_id, user_id) FROM stdin;
1	2024-04-27 01:03:47.771448+02	1	Ndwandwa Family Foundation	2	[{"changed": {"fields": ["Name", "Logo", "Max height", "Favicon", "Title"]}}]	1	2
2	2024-04-27 01:04:20.700241+02	1	Ndwandwa Family Foundation	2	[]	1	2
3	2024-04-27 01:04:41.26312+02	1	Ndwandwa Family Foundation	2	[{"changed": {"fields": ["Max width", "Max height"]}}]	1	2
4	2024-04-27 01:05:15.107875+02	2	  - Tom	2	[{"changed": {"fields": ["Verification status", "Is technical", "Is email activated"]}}, {"added": {"name": "Wallet", "object": "tom-wallet"}}]	7	2
5	2024-04-27 01:11:39.048119+02	1413020d-4eff-419f-b6bd-8749523a6d66	Disaster	1	[{"added": {}}]	15	2
6	2024-04-27 01:11:56.313393+02	ce72f749-1190-4d8f-bc51-711afa0d76bc	Business	1	[{"added": {}}]	15	2
7	2024-04-27 01:12:05.493226+02	586451b9-05b1-44dc-961a-269e72be9ea2	Family	1	[{"added": {}}]	15	2
8	2024-04-27 01:12:12.130959+02	7bb46390-315c-407c-82f5-6d19fdf34d3b	Education	1	[{"added": {}}]	15	2
9	2024-04-27 01:12:16.775517+02	e17f736d-7114-4783-af00-ac3bd911e594	Technology	1	[{"added": {}}]	15	2
10	2024-04-27 01:12:42.941731+02	11d41472-fd17-4e97-af97-8dab7e4c4a1b	Conferences	1	[{"added": {}}]	15	2
11	2024-04-27 01:13:01.481857+02	aa2da08d-1c3e-4747-9170-efc62341fb1a	Networking	1	[{"added": {}}]	15	2
12	2024-04-27 01:13:16.897087+02	ccfc74ac-4863-4229-af5f-7502f1da22c5	WorkShops	1	[{"added": {}}]	15	2
13	2024-04-27 01:13:32.229101+02	56658cf1-4aa7-4330-aba9-3592bf9f24b0	Product Launch	1	[{"added": {}}]	15	2
14	2024-04-27 01:13:45.668912+02	d4fa5331-a6a9-4fe6-81d2-9ee512071d04	Charity	1	[{"added": {}}]	15	2
15	2024-04-27 01:13:59.173165+02	8b9e922e-267f-43af-bd68-c111227f8fcc	Concert	1	[{"added": {}}]	15	2
16	2024-04-27 01:14:18.634903+02	e99223d6-233a-48f9-8b41-f516d459907f	Performing & Visual Arts	1	[{"added": {}}]	15	2
17	2024-04-27 01:27:21.704707+02	76c75293-4f95-4787-8022-f2063916f52d	Mama Luna's Birth day party	2	[{"changed": {"fields": ["Status"]}}]	24	2
18	2024-04-27 02:04:37.895795+02	028fe327-ebcc-4122-8a20-3fb8f48a6308	Mama Luna's Birth day party	2	[{"changed": {"fields": ["Status"]}}]	21	2
19	2024-04-27 02:57:14.365543+02	48b72d08-9bb1-46b2-a9a6-2ea6feb935e1	Ndwandwa Family Foundation	1	[{"added": {}}]	41	2
20	2024-04-30 02:50:45.057695+02	4	Wandile Gumede - Wandile	3		7	2
21	2024-04-30 02:54:34.52284+02	3	Sazi Asanda Ndwandwa - sazi.ndwandwa	2	[{"added": {"name": "Wallet", "object": "sazi-wallet"}}]	7	2
22	2024-04-30 03:27:10.242368+02	3	Sazi Asanda Ndwandwa - sazi.ndwandwa	2	[{"changed": {"fields": ["Superuser status", "Staff status"]}}]	7	2
23	2024-04-30 03:27:40.392177+02	1	Thomas Gumede - Thomas@123	3		7	2
24	2024-05-02 22:16:45.948314+02	e85d1540-07ee-4e87-b23b-a0b40d836a52	Fundraiser for building and maintaining family website (www.ndwandwa.africa)	2	[{"changed": {"fields": ["Status"]}}]	21	2
25	2024-05-03 15:49:57.255018+02	48b72d08-9bb1-46b2-a9a6-2ea6feb935e1	Ndwandwa Family Foundation	2	[{"changed": {"fields": ["Address one", "Address two"]}}]	41	2
26	2024-05-03 15:51:02.027048+02	e85d1540-07ee-4e87-b23b-a0b40d836a52	Fundraiser for building and maintaining family website (www.ndwandwa.africa)	2	[{"deleted": {"name": "Contribution", "object": "50.00"}}, {"deleted": {"name": "Contribution", "object": "50.00"}}, {"deleted": {"name": "Contribution", "object": "500.00"}}]	21	2
27	2024-05-03 15:51:22.459051+02	e85d1540-07ee-4e87-b23b-a0b40d836a52	Fundraiser for building and maintaining family website (www.ndwandwa.africa)	2	[{"changed": {"fields": ["Is featured"]}}]	21	2
28	2024-05-03 15:51:38.409721+02	028fe327-ebcc-4122-8a20-3fb8f48a6308	Mama Luna's Birth day party	3		21	2
29	2024-05-03 15:51:55.398215+02	afc66351-88e1-4ad1-8277-70e9fa0bbb37	Luna's Graduation party	3		24	2
30	2024-05-03 15:51:55.40435+02	76c75293-4f95-4787-8022-f2063916f52d	Mama Luna's Birth day party	3		24	2
31	2024-05-03 15:52:43.587087+02	3	Sazi Asanda	2	[{"changed": {"name": "Wallet", "object": "sazi-wallet", "fields": ["Balance"]}}]	7	2
32	2024-05-03 15:56:11.131132+02	e85d1540-07ee-4e87-b23b-a0b40d836a52	Fundraiser for building and maintaining family website (www.ndwandwa.africa)	2	[{"changed": {"fields": ["Current amount"]}}]	21	2
33	2024-05-03 15:57:00.002765+02	5	Wandile	3		7	2
34	2024-05-03 15:58:10.650142+02	2	Thomas	2	[{"changed": {"name": "Wallet", "object": "tom-wallet", "fields": ["Status"]}}]	7	2
35	2024-05-03 15:59:26.713615+02	2	Thomas	2	[{"changed": {"name": "Wallet", "object": "tom-wallet", "fields": ["Balance", "Status"]}}]	7	2
36	2024-05-10 14:37:24.93025+02	e85d1540-07ee-4e87-b23b-a0b40d836a52	Fundraiser for building and maintaining family website (www.ndwandwa.africa)	2	[{"deleted": {"name": "Contribution", "object": "50.00"}}]	21	2
37	2024-05-10 14:37:48.306028+02	e85d1540-07ee-4e87-b23b-a0b40d836a52	Fundraiser for building and maintaining family website (www.ndwandwa.africa)	2	[{"changed": {"fields": ["Current amount"]}}]	21	2
38	2024-05-10 14:38:47.057188+02	6a0397b2-7a12-4745-8a4d-78b7759c4176	Family get together - December 2024	2	[{"changed": {"fields": ["Status"]}}]	24	2
39	2024-05-10 23:16:55.104299+02	9f43f657-2de0-47d1-9df4-34b2f485e227	NFRF20244 - 2024-04-27 00:14:08.074650+00:00	3		28	2
40	2024-05-10 23:16:55.12092+02	9d43535c-4715-494d-a731-bc133e4f5236	NFRF202442 - 2024-04-27 00:11:57.902193+00:00	3		28	2
41	2024-05-10 23:16:55.126696+02	930d4ca8-33cf-43ae-87ee-d6a543309306	NFRF202452 - 2024-05-02 23:32:50.572379+00:00	3		28	2
42	2024-05-10 23:16:55.131071+02	772ef33a-197a-4990-a55d-33a08876b249	NFRF202451 - 2024-05-02 23:31:33.260066+00:00	3		28	2
43	2024-05-10 23:16:55.134942+02	6a233d34-892d-4119-88c3-4dd40669f34e	NFRF202453 - 2024-05-02 23:36:20.018391+00:00	3		28	2
44	2024-05-10 23:16:55.139085+02	4f266ad5-15c3-4953-8002-abe9da4be265	NFRF202443 - 2024-04-27 00:58:20.383208+00:00	3		28	2
45	2024-05-10 23:16:55.142835+02	19fdda55-7ef3-4703-ba84-f57fcbba332e	NFRF202441 - 2024-04-30 01:34:57.256232+00:00	3		28	2
46	2024-05-11 00:46:35.745437+02	1	Ndwandwa Family Foundation	2	[{"changed": {"fields": ["Max width", "Max height", "Color", "Background color", "Text color", "Link color", "Link color", "Background color", "Background hover color"]}}]	1	2
47	2024-05-11 00:49:24.0732+02	1	Ndwandwa Family Foundation	2	[{"changed": {"fields": ["Color", "Link color", "Link hover color", "Background color", "Background selected color"]}}]	1	2
48	2024-05-11 00:51:34.503917+02	1	Ndwandwa Family Foundation	2	[{"changed": {"fields": ["Color", "Background color", "Text color"]}}]	1	2
49	2024-05-11 00:52:57.456966+02	1	Ndwandwa Family Foundation	2	[{"changed": {"fields": ["Link color", "Link hover color", "Background selected color", "Fieldsets as tabs"]}}]	1	2
50	2024-05-11 21:36:26.594104+02	3	Sazi Asanda	2	[{"changed": {"name": "Relative", "object": "Daluvuyo Mandiluve", "fields": ["Profile image"]}}, {"changed": {"name": "Relative", "object": "Vulisango Wiseman", "fields": ["Profile image"]}}, {"changed": {"name": "Relative", "object": "Ngqondi Phikolomzi", "fields": ["Profile image"]}}, {"changed": {"name": "Relative", "object": "Sibongile Ayacanorah", "fields": ["Profile image"]}}, {"changed": {"name": "Relative", "object": "Simo Avuyile", "fields": ["Profile image"]}}, {"changed": {"name": "Relative", "object": "Nontyatyambo Ziyanda", "fields": ["Profile image"]}}, {"changed": {"name": "Relative", "object": "Singumkhosi Lubanzi", "fields": ["Profile image"]}}, {"changed": {"name": "Relative", "object": "Sinabantu Joy Blossom", "fields": ["Profile image"]}}, {"changed": {"name": "Relative", "object": "Gcinumthetho Cyprian Justice", "fields": ["Profile image"]}}, {"changed": {"name": "Relative", "object": "Esona-sethu Emihle", "fields": ["Profile image"]}}, {"changed": {"name": "Relative", "object": "Siyathandwa Luvuyo-lwam", "fields": ["Profile image"]}}, {"changed": {"name": "Relative", "object": "Sazolukabawo Mahlubagcinene", "fields": ["Profile image"]}}]	7	2
51	2024-05-15 19:57:11.590916+02	0cc11bc3-9f3e-4c1e-933a-c3a399b91736	NFRF202451 - 2024-05-09 22:11:56.245977+00:00	2	[{"changed": {"fields": ["Order uuid"]}}]	28	2
52	2024-05-15 19:58:39.17818+02	ch_eLB30ddB8oGfpNMclMKiq9eE	ch_eLB30ddB8oGfpNMclMKiq9eE	3		29	2
53	2024-05-15 19:58:39.186282+02	ch_Vgak3wAZWmRsqw4Ty1GToPLd	ch_Vgak3wAZWmRsqw4Ty1GToPLd	3		29	2
54	2024-05-15 19:58:39.190141+02	ch_PEPbno4KqQMfoBnI0zzUjwx2	ch_PEPbno4KqQMfoBnI0zzUjwx2	3		29	2
55	2024-05-15 19:58:39.194005+02	ch_Kg7b721jX0rinWQSbe7IJ18E	ch_Kg7b721jX0rinWQSbe7IJ18E	3		29	2
56	2024-05-15 19:58:39.1981+02	ch_GEZ13jNYllnIXZ9sJadU57oL	ch_GEZ13jNYllnIXZ9sJadU57oL	3		29	2
57	2024-05-15 19:58:39.202024+02	ch_7x3YaX9W82ohOYGSYdjHbREr	ch_7x3YaX9W82ohOYGSYdjHbREr	3		29	2
58	2024-05-15 19:58:39.205832+02	ch_1gGJ7jjnlknH69QcKJrC7NoE	ch_1gGJ7jjnlknH69QcKJrC7NoE	3		29	2
59	2024-07-05 01:01:08.120652+02	fb59c49b-8058-4219-98bb-77b908f775f1	Premium	1	[{"added": {}}]	42	2
60	2024-07-05 01:02:04.614111+02	75ff4de1-2a02-4540-aada-e8f3b2bc3884	Medical	1	[{"added": {}}]	44	2
61	2024-07-05 01:02:49.423252+02	c7b8433d-92a5-4c4d-a79a-7cdfbebcf9f3	Agriculture	1	[{"added": {}}]	44	2
62	2024-07-05 01:03:01.999604+02	12275a52-9f91-481a-a8ec-8156142b5f7b	Fitness	1	[{"added": {}}]	44	2
63	2024-07-05 01:03:27.779893+02	a1a49a34-a8e2-4b0c-ae6c-562b5142cf68	Restaurant	1	[{"added": {}}]	44	2
64	2024-07-05 01:03:42.485944+02	5c4dc822-0cee-48fc-894a-186a943858bf	Beauty	1	[{"added": {}}]	44	2
65	2024-07-05 01:03:56.347048+02	35062687-83ff-4dbb-b00d-3d80682cac10	Shopping	1	[{"added": {}}]	44	2
66	2024-07-05 01:04:12.278264+02	0653246b-e021-40d5-b163-4aaef8fc052b	Bookstore	1	[{"added": {}}]	44	2
67	2024-07-05 01:04:48.586886+02	28187d3a-9f58-4eea-838f-38e77d526f8e	Electrical Services	1	[{"added": {}}]	44	2
68	2024-07-05 01:05:09.326302+02	ef7aa6dd-555d-4176-bc03-841dc70122b6	Digital Agency	1	[{"added": {}}]	44	2
69	2024-07-05 01:05:28.18614+02	3f884487-65f0-4f0f-a3e7-901eb580b70d	Software company	1	[{"added": {}}]	44	2
70	2024-07-05 01:05:37.424942+02	7a570368-6f63-466a-9ada-1c4f9e83a9dc	Other	1	[{"added": {}}]	44	2
71	2024-07-05 01:06:42.463902+02	cb3c0756-0aed-4f11-9f68-be9bb8806c04	Healthcare Provider	1	[{"added": {}}]	44	2
72	2024-07-05 01:07:30.67399+02	efe4d712-8b5a-4470-81a8-97adcab6850e	Hotels and Accommodations	1	[{"added": {}}]	44	2
73	2024-07-05 01:07:57.200917+02	f5dc38a2-be24-4b3f-964f-76128820c7a3	HR and Recruitments	1	[{"added": {}}]	44	2
74	2024-07-05 01:08:28.720853+02	c147ff42-ad40-4950-aade-93c9aca8cb8e	Financial Services	1	[{"added": {}}]	44	2
75	2024-07-05 01:08:49.493839+02	ea7a0566-6335-40df-b0bc-a48074583c8f	Construction	1	[{"added": {}}]	44	2
76	2024-07-05 01:09:19.119556+02	159c1289-f25f-419e-ac19-9a03e42ee387	Web Design Agency	1	[{"added": {}}]	44	2
77	2024-07-05 01:09:43.997453+02	bfd7e9dd-e53e-4a64-88de-0e4748b93701	Education and Training	1	[{"added": {}}]	44	2
78	2024-07-05 01:46:41.826262+02	516997f4-ed68-4741-aace-73bac0c27504	WeDodev Solutions	2	[]	43	2
79	2024-07-05 01:47:09.225474+02	516997f4-ed68-4741-aace-73bac0c27504	WeDodev Solutions	2	[{"changed": {"fields": ["Status"]}}]	43	2
80	2024-07-23 20:25:06.05829+02	b3ce9b24-8287-4932-9788-675f7e0fa022	Help us build this family a new home	2	[{"changed": {"fields": ["Status"]}}]	21	2
81	2024-07-23 20:25:25.31142+02	b3ce9b24-8287-4932-9788-675f7e0fa022	Help us build this family a new home	2	[{"changed": {"fields": ["Is featured"]}}]	21	2
82	2024-08-22 22:42:51.758426+02	9a2ea728-4ad5-4ee3-937a-2927e7687ce6	NFRF202451	3		26	2
83	2024-08-22 22:42:51.769046+02	686bcdaa-c131-4a1e-80fa-d58fa669c161	NFRF202471	3		26	2
\.


--
-- Data for Name: django_celery_beat_clockedschedule; Type: TABLE DATA; Schema: public; Owner: thomas
--

COPY public.django_celery_beat_clockedschedule (id, clocked_time) FROM stdin;
\.


--
-- Data for Name: django_celery_beat_crontabschedule; Type: TABLE DATA; Schema: public; Owner: thomas
--

COPY public.django_celery_beat_crontabschedule (id, minute, hour, day_of_week, day_of_month, month_of_year, timezone) FROM stdin;
1	0	4	*	*	*	Africa/Johannesburg
2	0	9	*	*	*	Africa/Johannesburg
\.


--
-- Data for Name: django_celery_beat_intervalschedule; Type: TABLE DATA; Schema: public; Owner: thomas
--

COPY public.django_celery_beat_intervalschedule (id, every, period) FROM stdin;
\.


--
-- Data for Name: django_celery_beat_periodictask; Type: TABLE DATA; Schema: public; Owner: thomas
--

COPY public.django_celery_beat_periodictask (id, name, task, args, kwargs, queue, exchange, routing_key, expires, enabled, last_run_at, total_run_count, date_changed, description, crontab_id, interval_id, solar_id, one_off, start_time, priority, headers, clocked_id, expire_seconds) FROM stdin;
1	celery.backend_cleanup	celery.backend_cleanup	[]	{}	\N	\N	\N	\N	t	2024-10-27 04:00:00.01492+02	184	2024-10-27 04:02:25.940235+02		1	\N	\N	f	\N	\N	{}	\N	43200
3	close-expired-campaigns	campaigns.tasks.check_campaigns_status	[]	{}	\N	\N	\N	\N	t	2024-10-27 09:00:00.01323+02	184	2024-10-27 09:01:10.537294+02		2	\N	\N	f	\N	\N	{}	\N	\N
2	close-expired-events	events.tasks.check_events_status	[]	{}	\N	\N	\N	\N	t	2024-10-27 09:00:00.047635+02	184	2024-10-27 09:01:10.577997+02		2	\N	\N	f	\N	\N	{}	\N	\N
\.


--
-- Data for Name: django_celery_beat_periodictasks; Type: TABLE DATA; Schema: public; Owner: thomas
--

COPY public.django_celery_beat_periodictasks (ident, last_update) FROM stdin;
1	2024-10-22 00:21:02.745431+02
\.


--
-- Data for Name: django_celery_beat_solarschedule; Type: TABLE DATA; Schema: public; Owner: thomas
--

COPY public.django_celery_beat_solarschedule (id, event, latitude, longitude) FROM stdin;
\.


--
-- Data for Name: django_celery_results_chordcounter; Type: TABLE DATA; Schema: public; Owner: thomas
--

COPY public.django_celery_results_chordcounter (id, group_id, sub_tasks, count) FROM stdin;
\.


--
-- Data for Name: django_celery_results_groupresult; Type: TABLE DATA; Schema: public; Owner: thomas
--

COPY public.django_celery_results_groupresult (id, group_id, date_created, date_done, content_type, content_encoding, result) FROM stdin;
\.


--
-- Data for Name: django_celery_results_taskresult; Type: TABLE DATA; Schema: public; Owner: thomas
--

COPY public.django_celery_results_taskresult (id, task_id, status, content_type, content_encoding, result, date_done, traceback, meta, task_args, task_kwargs, task_name, worker, date_created, periodic_task_name) FROM stdin;
664	29748357-bd05-4a5c-9266-b1f3c721ac5b	SUCCESS	application/json	utf-8	"1 were marked at completed"	2024-10-26 09:00:00.072825+02	\N	{"children": []}	"()"	"{}"	campaigns.tasks.check_campaigns_status	celery@iZLml9uNDX	2024-10-26 09:00:00.056088+02	close-expired-campaigns
666	0e8da6e7-a4f3-461f-83ad-7e5c8a91b695	SUCCESS	application/json	utf-8	null	2024-10-27 04:00:00.06629+02	\N	{"children": []}	"()"	"{}"	celery.backend_cleanup	celery@iZLml9uNDX	2024-10-27 04:00:00.054612+02	celery.backend_cleanup
668	294f5ffd-7a2c-41b6-9d9c-ad6acced1561	SUCCESS	application/json	utf-8	null	2024-10-27 09:00:00.095588+02	\N	{"children": []}	"()"	"{}"	events.tasks.check_events_status	celery@iZLml9uNDX	2024-10-27 09:00:00.089303+02	close-expired-events
663	52367665-0611-432c-9790-3b9bf174d9ad	SUCCESS	application/json	utf-8	null	2024-10-26 04:00:00.084186+02	\N	{"children": []}	"()"	"{}"	celery.backend_cleanup	celery@iZLml9uNDX	2024-10-26 04:00:00.069138+02	celery.backend_cleanup
665	3de34abb-deb5-4d46-b9c6-a055f7f0d6ed	SUCCESS	application/json	utf-8	null	2024-10-26 09:00:00.112319+02	\N	{"children": []}	"()"	"{}"	events.tasks.check_events_status	celery@iZLml9uNDX	2024-10-26 09:00:00.095873+02	close-expired-events
667	1201a939-6582-4a41-9a24-913be84bb6bd	SUCCESS	application/json	utf-8	"1 were marked at completed"	2024-10-27 09:00:00.076158+02	\N	{"children": []}	"()"	"{}"	campaigns.tasks.check_campaigns_status	celery@iZLml9uNDX	2024-10-27 09:00:00.048734+02	close-expired-campaigns
\.


--
-- Data for Name: django_content_type; Type: TABLE DATA; Schema: public; Owner: thomas
--

COPY public.django_content_type (id, app_label, model) FROM stdin;
1	admin_interface	theme
2	admin	logentry
3	auth	permission
4	auth	group
5	contenttypes	contenttype
6	sessions	session
7	accounts	customusermodel
8	accounts	mailinggroupmodel
9	accounts	walletmodel
10	accounts	subscribemodel
11	accounts	relativemodel
12	accounts	qualificationmodel
13	accounts	mailmessagemodel
14	accounts	identityverificationmodel
15	home	categorymodel
16	home	emailmodel
17	home	faq
18	home	privacymodel
19	home	postmodel
20	home	commentmodel
21	campaigns	campaignmodel
22	campaigns	contributionmodel
23	campaigns	campaignupdatemodel
24	events	eventmodel
25	events	eventtickettypemodel
26	events	ticketordermodel
27	events	ticketmodel
28	payments	ndwandwabankmodel
29	payments	paymentinformation
30	taggit	tag
31	taggit	taggeditem
32	django_celery_beat	crontabschedule
33	django_celery_beat	intervalschedule
34	django_celery_beat	periodictask
35	django_celery_beat	periodictasks
36	django_celery_beat	solarschedule
37	django_celery_beat	clockedschedule
38	django_celery_results	taskresult
39	django_celery_results	chordcounter
40	django_celery_results	groupresult
41	accounts	companymodel
42	accounts	subscriptionpackage
43	business	business
44	business	category
45	business	businessreview
46	business	businesscontent
47	business	businesshour
\.


--
-- Data for Name: django_migrations; Type: TABLE DATA; Schema: public; Owner: thomas
--

COPY public.django_migrations (id, app, name, applied) FROM stdin;
1	contenttypes	0001_initial	2024-04-25 17:56:12.505893+02
2	taggit	0001_initial	2024-04-25 17:56:12.601071+02
3	taggit	0002_auto_20150616_2121	2024-04-25 17:56:12.619295+02
4	contenttypes	0002_remove_content_type_name	2024-04-25 17:56:12.641737+02
5	taggit	0003_taggeditem_add_unique_index	2024-04-25 17:56:12.662796+02
6	taggit	0004_alter_taggeditem_content_type_alter_taggeditem_tag	2024-04-25 17:56:12.675723+02
7	taggit	0005_auto_20220424_2025	2024-04-25 17:56:12.688477+02
8	auth	0001_initial	2024-04-25 17:56:12.822855+02
9	auth	0002_alter_permission_name_max_length	2024-04-25 17:56:12.837896+02
10	auth	0003_alter_user_email_max_length	2024-04-25 17:56:12.925055+02
11	auth	0004_alter_user_username_opts	2024-04-25 17:56:12.936697+02
12	auth	0005_alter_user_last_login_null	2024-04-25 17:56:12.948435+02
13	auth	0006_require_contenttypes_0002	2024-04-25 17:56:12.954188+02
14	auth	0007_alter_validators_add_error_messages	2024-04-25 17:56:12.96566+02
15	auth	0008_alter_user_username_max_length	2024-04-25 17:56:12.978286+02
16	auth	0009_alter_user_last_name_max_length	2024-04-25 17:56:12.98974+02
17	auth	0010_alter_group_name_max_length	2024-04-25 17:56:13.005901+02
18	auth	0011_update_proxy_permissions	2024-04-25 17:56:13.019632+02
19	auth	0012_alter_user_first_name_max_length	2024-04-25 17:56:13.031438+02
20	accounts	0001_initial	2024-04-25 17:56:13.531407+02
21	admin	0001_initial	2024-04-25 17:56:13.596177+02
22	admin	0002_logentry_remove_auto_add	2024-04-25 17:56:13.623274+02
23	admin	0003_logentry_add_action_flag_choices	2024-04-25 17:56:13.658333+02
24	admin_interface	0001_initial	2024-04-25 17:56:13.689935+02
25	admin_interface	0002_add_related_modal	2024-04-25 17:56:13.720395+02
26	admin_interface	0003_add_logo_color	2024-04-25 17:56:13.736515+02
27	admin_interface	0004_rename_title_color	2024-04-25 17:56:13.746931+02
28	admin_interface	0005_add_recent_actions_visible	2024-04-25 17:56:13.75803+02
29	admin_interface	0006_bytes_to_str	2024-04-25 17:56:13.863521+02
30	admin_interface	0007_add_favicon	2024-04-25 17:56:13.874676+02
31	admin_interface	0008_change_related_modal_background_opacity_type	2024-04-25 17:56:13.889251+02
32	admin_interface	0009_add_enviroment	2024-04-25 17:56:13.905644+02
33	admin_interface	0010_add_localization	2024-04-25 17:56:13.933249+02
34	admin_interface	0011_add_environment_options	2024-04-25 17:56:13.964347+02
35	admin_interface	0012_update_verbose_names	2024-04-25 17:56:13.983635+02
36	admin_interface	0013_add_related_modal_close_button	2024-04-25 17:56:13.99546+02
37	admin_interface	0014_name_unique	2024-04-25 17:56:14.024288+02
38	admin_interface	0015_add_language_chooser_active	2024-04-25 17:56:14.036473+02
39	admin_interface	0016_add_language_chooser_display	2024-04-25 17:56:14.047723+02
40	admin_interface	0017_change_list_filter_dropdown	2024-04-25 17:56:14.058393+02
41	admin_interface	0018_theme_list_filter_sticky	2024-04-25 17:56:14.07012+02
42	admin_interface	0019_add_form_sticky	2024-04-25 17:56:14.087675+02
43	admin_interface	0020_module_selected_colors	2024-04-25 17:56:14.130811+02
44	admin_interface	0021_file_extension_validator	2024-04-25 17:56:14.146557+02
45	admin_interface	0022_add_logo_max_width_and_height	2024-04-25 17:56:14.165305+02
46	admin_interface	0023_theme_foldable_apps	2024-04-25 17:56:14.181003+02
47	admin_interface	0024_remove_theme_css	2024-04-25 17:56:14.192399+02
48	admin_interface	0025_theme_language_chooser_control	2024-04-25 17:56:14.204705+02
49	admin_interface	0026_theme_list_filter_highlight	2024-04-25 17:56:14.217127+02
50	admin_interface	0027_theme_list_filter_removal_links	2024-04-25 17:56:14.230259+02
51	admin_interface	0028_theme_show_fieldsets_as_tabs_and_more	2024-04-25 17:56:14.248368+02
52	admin_interface	0029_theme_css_generic_link_active_color	2024-04-25 17:56:14.261415+02
53	admin_interface	0030_theme_collapsible_stacked_inlines_and_more	2024-04-25 17:56:14.292864+02
54	home	0001_initial	2024-04-25 17:56:14.571887+02
55	campaigns	0001_initial	2024-04-25 17:56:14.895842+02
56	django_celery_beat	0001_initial	2024-04-25 17:56:15.005534+02
57	django_celery_beat	0002_auto_20161118_0346	2024-04-25 17:56:15.055839+02
58	django_celery_beat	0003_auto_20161209_0049	2024-04-25 17:56:15.085693+02
59	django_celery_beat	0004_auto_20170221_0000	2024-04-25 17:56:15.102885+02
60	django_celery_beat	0005_add_solarschedule_events_choices	2024-04-25 17:56:15.11436+02
61	django_celery_beat	0006_auto_20180322_0932	2024-04-25 17:56:15.163029+02
62	django_celery_beat	0007_auto_20180521_0826	2024-04-25 17:56:15.187837+02
63	django_celery_beat	0008_auto_20180914_1922	2024-04-25 17:56:15.226623+02
64	django_celery_beat	0006_auto_20180210_1226	2024-04-25 17:56:15.260613+02
65	django_celery_beat	0006_periodictask_priority	2024-04-25 17:56:15.282021+02
66	django_celery_beat	0009_periodictask_headers	2024-04-25 17:56:15.304327+02
67	django_celery_beat	0010_auto_20190429_0326	2024-04-25 17:56:15.625041+02
68	django_celery_beat	0011_auto_20190508_0153	2024-04-25 17:56:15.670452+02
69	django_celery_beat	0012_periodictask_expire_seconds	2024-04-25 17:56:15.694866+02
70	django_celery_beat	0013_auto_20200609_0727	2024-04-25 17:56:15.71389+02
71	django_celery_beat	0014_remove_clockedschedule_enabled	2024-04-25 17:56:15.836541+02
72	django_celery_beat	0015_edit_solarschedule_events_choices	2024-04-25 17:56:15.852377+02
73	django_celery_beat	0016_alter_crontabschedule_timezone	2024-04-25 17:56:15.873527+02
74	django_celery_beat	0017_alter_crontabschedule_month_of_year	2024-04-25 17:56:15.891242+02
75	django_celery_beat	0018_improve_crontab_helptext	2024-04-25 17:56:15.915421+02
76	django_celery_results	0001_initial	2024-04-25 17:56:15.971443+02
77	django_celery_results	0002_add_task_name_args_kwargs	2024-04-25 17:56:15.989452+02
78	django_celery_results	0003_auto_20181106_1101	2024-04-25 17:56:16.000144+02
79	django_celery_results	0004_auto_20190516_0412	2024-04-25 17:56:16.096721+02
80	django_celery_results	0005_taskresult_worker	2024-04-25 17:56:16.126369+02
81	django_celery_results	0006_taskresult_date_created	2024-04-25 17:56:16.189546+02
82	django_celery_results	0007_remove_taskresult_hidden	2024-04-25 17:56:16.200308+02
83	django_celery_results	0008_chordcounter	2024-04-25 17:56:16.243468+02
84	django_celery_results	0009_groupresult	2024-04-25 17:56:16.426889+02
85	django_celery_results	0010_remove_duplicate_indices	2024-04-25 17:56:16.445528+02
86	django_celery_results	0011_taskresult_periodic_task_name	2024-04-25 17:56:16.45718+02
87	events	0001_initial	2024-04-25 17:56:16.784837+02
88	payments	0001_initial	2024-04-25 17:56:16.840637+02
89	sessions	0001_initial	2024-04-25 17:56:16.882343+02
90	home	0002_remove_postmodel_tags	2024-04-27 00:07:22.718132+02
91	accounts	0002_companymodel_alter_walletmodel_status	2024-04-27 02:51:05.041551+02
92	accounts	0003_alter_relativemodel_relationship_and_more	2024-04-30 02:48:42.527662+02
93	accounts	0004_alter_relativemodel_phone_and_more	2024-04-30 03:26:18.255251+02
94	accounts	0005_alter_customusermodel_maiden_name	2024-04-30 04:14:56.897953+02
95	accounts	0006_relativemodel_date_of_birth_and_more	2024-05-10 23:11:27.826129+02
96	events	0002_alter_eventmodel_event_enddate_and_more	2024-05-10 23:11:27.984246+02
97	accounts	0007_alter_relativemodel_profile_image	2024-05-11 21:35:05.546541+02
98	campaigns	0002_alter_campaignupdatemodel_options_and_more	2024-05-15 19:41:33.844369+02
99	events	0003_alter_eventmodel_event_enddate_and_more	2024-05-15 19:41:33.98594+02
100	payments	0002_alter_ndwandwabankmodel_options_and_more	2024-05-15 19:41:34.010463+02
101	accounts	0008_subscriptionpackage_customusermodel_is_paid_and_more	2024-07-05 00:57:08.579139+02
102	business	0001_initial	2024-07-05 00:57:09.035276+02
103	campaigns	0003_alter_campaignmodel_end_date	2024-07-05 00:57:09.070149+02
104	events	0004_alter_eventmodel_event_enddate_and_more	2024-07-05 00:57:09.190548+02
105	accounts	0009_remove_customusermodel_subscription_and_more	2024-08-09 15:34:25.937816+02
106	campaigns	0004_alter_campaignmodel_end_date	2024-08-09 15:34:25.971527+02
107	events	0005_alter_eventmodel_event_enddate_and_more	2024-08-09 15:34:26.045334+02
\.


--
-- Data for Name: django_session; Type: TABLE DATA; Schema: public; Owner: thomas
--

COPY public.django_session (session_key, session_data, expire_date) FROM stdin;
6i6yu5d35c1g2pyjjogf6le9pqm71qx4	.eJxVi0sKwjAQQO-StZSZTCYfl4LnCNN8SFErmGYl3l2FLnT7Pk8VZWwtjl4eccnqqLQ6_LJZ0qWsXyEp3ce69WlHfTrfZLme9uDvatLbZ3EGa0XQHBCCFDGEnAF9DtnpEpwWw2jYE1QmrgDJGxINbO1MNif1egMQDjJY:1s0VCE:9b9owMMLmhsytmNJN7tRlgm_B-auC0de0cDZ-wMKSKI	2024-05-11 01:41:38.531582+02
g7uq5o7f4vl94mcken9idx0pn1h0tmnz	.eJxVi0sKwjAQQO-StZRmms-MS8FzhGlmQopawTQr8e4qdKHb93maxH2rqTd9pEXM0Uzm8Mtmzhddv4Jzvvd1a8OO2nC-8XI97cHfVbnVz1LQkQXkSTyhxQxBpRBqhEACHkXVej8XBRLHGjI4F-I4hqikwmBebzp0M7I:1s1cj9:XiHZkOHTQNLrhEZ24S2ChUx8LXu3KY4hqYQv3dmOWWE	2024-05-14 03:56:15.268319+02
2p52k6r3rh3s9z1yf0o7l3vg1c2g1q39	.eJxVi0sKwjAQQO-StZSZTCYfl4LnCNN8SFErmGYl3l2FLnT7Pk8VZWwtjl4eccnqqLQ6_LJZ0qWsXyEp3ce69WlHfTrfZLme9uDvatLbZ3EGa0XQHBCCFDGEnAF9DtnpEpwWw2jYE1QmrgDJGxINbO1MNif1egMQDjJY:1s24me:FZJyR25EKHzdhN8Ov0aZtyPjbrMOyRbcAI3K9en3_P4	2024-05-15 09:53:44.758545+02
vlzat69o53w3wwix6evpcvuzeqtagq75	.eJxVi0sKwjAQQO-StZSZTCYfl4LnCNN8SFErmGYl3l2FLnT7Pk8VZWwtjl4eccnqqLQ6_LJZ0qWsXyEp3ce69WlHfTrfZLme9uDvatLbZ3EGa0XQHBCCFDGEnAF9DtnpEpwWw2jYE1QmrgDJGxINbO1MNif1egMQDjJY:1s2cqd:i166HXFd4hSdtec4WuAc7J9WBuHPHIwSHNd62buf8e8	2024-05-16 22:16:07.785855+02
w9toevdp8gthnvnkqj7f78o2lxx0oaus	.eJxVi0sKwjAQQO-StZRmms-MS8FzhGlmQopawTQr8e4qdKHb93maxH2rqTd9pEXM0Uzm8Mtmzhddv4Jzvvd1a8OO2nC-8XI97cHfVbnVz1LQkQXkSTyhxQxBpRBqhEACHkXVej8XBRLHGjI4F-I4hqikwmBebzp0M7I:1s2fCT:4IJ7fWrTpopn5pHldxtvQeN_wi6W3hQ4SExlSEtXVbU	2024-05-17 00:46:49.707285+02
gzm2jrymufasp70epprnpib47wp5prqn	.eJxVi0sKwjAQQO-StZSZTCYfl4LnCNN8SFErmGYl3l2FLnT7Pk8VZWwtjl4eccnqqLQ6_LJZ0qWsXyEp3ce69WlHfTrfZLme9uDvatLbZ3EGa0XQHBCCFDGEnAF9DtnpEpwWw2jYE1QmrgDJGxINbO1MNif1egMQDjJY:1s5XZ8:6LeZ9sDwmXFdr332ni-7YI689pP9knpgV8e-DRrYyQA	2024-05-24 23:14:06.855262+02
xjq7sjmpraw3vokpixz2dner17y9ouo7	.eJxVi0sKwjAQQO-StZSZTCYfl4LnCNN8SFErmGYl3l2FLnT7Pk8VZWwtjl4eccnqqLQ6_LJZ0qWsXyEp3ce69WlHfTrfZLme9uDvatLbZ3EGa0XQHBCCFDGEnAF9DtnpEpwWw2jYE1QmrgDJGxINbO1MNif1egMQDjJY:1s7j3l:RPvbngTm_RaZt828LOzQ6s3EKOaXGMeH8_bV9uWSJmo	2024-05-30 23:54:45.2188+02
p6xr2fpvme5mei3wp3nmzpcxv2vhvu3i	.eJxVi0sKwjAQQO-StZSZTCYfl4LnCNN8SFErmGYl3l2FLnT7Pk8VZWwtjl4eccnqqLQ6_LJZ0qWsXyEp3ce69WlHfTrfZLme9uDvatLbZ3EGa0XQHBCCFDGEnAF9DtnpEpwWw2jYE1QmrgDJGxINbO1MNif1egMQDjJY:1sONHC:-O7QZvDMcs_G-rdCzErdYzrs1JEYmsvaCJgYjTSHNAA	2024-07-15 22:05:26.579192+02
m32ufkpqfniggatrxxt18uqocps959kt	.eJxVi0sKwjAQQO-StZSZTCYfl4LnCNN8SFErmGYl3l2FLnT7Pk8VZWwtjl4eccnqqLQ6_LJZ0qWsXyEp3ce69WlHfTrfZLme9uDvatLbZ3EGa0XQHBCCFDGEnAF9DtnpEpwWw2jYE1QmrgDJGxINbO1MNif1egMQDjJY:1sPVS6:9EMgpb0kh7_55eZwEeC7VJGg0MHw0mLFwweiiuUAnFc	2024-07-19 01:01:22.709812+02
40uv8k13jo7xtytb4fnsfc792dvvs3kl	.eJxVi0sKwjAQQO-StZRmms-MS8FzhGlmQopawTQr8e4qdKHb93maxH2rqTd9pEXM0Uzm8Mtmzhddv4Jzvvd1a8OO2nC-8XI97cHfVbnVz1LQkQXkSTyhxQxBpRBqhEACHkXVej8XBRLHGjI4F-I4hqikwmBebzp0M7I:1sWInp:qlvZmm8elwDuFWl7PwPRi_J5sUOw2Btc144DK9yG_3c	2024-08-06 18:55:53.383408+02
nqgwkrn8mk3lbpxw94ipouwl6t0818zh	.eJxVi0sKwjAQQO-StZRmms-MS8FzhGlmQopawTQr8e4qdKHb93maxH2rqTd9pEXM0Uzm8Mtmzhddv4Jzvvd1a8OO2nC-8XI97cHfVbnVz1LQkQXkSTyhxQxBpRBqhEACHkXVej8XBRLHGjI4F-I4hqikwmBebzp0M7I:1sWK4x:z5dXiYXxF-QefhPJ0rCQfFFqU0GfM0Fedp9bi47siW0	2024-08-06 20:17:39.284587+02
v7gwxtq4gni5e9rhw5f8ri7dv9zkx0i5	.eJxVi0sKwjAQQO-StZRmms-MS8FzhGlmQopawTQr8e4qdKHb93maxH2rqTd9pEXM0Uzm8Mtmzhddv4Jzvvd1a8OO2nC-8XI97cHfVbnVz1LQkQXkSTyhxQxBpRBqhEACHkXVej8XBRLHGjI4F-I4hqikwmBebzp0M7I:1sWK7O:l0SpNvcmmjsLBdAMvmJxoUWVeFVwxq45xrv9_Whc4hA	2024-08-06 20:20:10.77767+02
vet130o7s5bqbr31poip1i63lp8fa1k7	.eJxVi0sKwjAQQO-StZSZTCYfl4LnCNN8SFErmGYl3l2FLnT7Pk8VZWwtjl4eccnqqLQ6_LJZ0qWsXyEp3ce69WlHfTrfZLme9uDvatLbZ3EGa0XQHBCCFDGEnAF9DtnpEpwWw2jYE1QmrgDJGxINbO1MNif1egMQDjJY:1sWKAo:q6ZqmcNmYplK6OmWXEGzBnPkml8GCG6I8ktCCuGj8_A	2024-08-06 20:23:42.345442+02
4uuppgw6bhb8qdalbdgqck858xbl6pk8	.eJxVi8sKwjAUBf8laymJ8ebhUuh3hPsqKWoF067EfzdCF7o8M2depuC21rI1fZZZzNkEc_hlhHzV5SuQ-bEtaxt21IbxjvPtsh_-qoqt9iR6Ui8ZxLtTzuKOqJ5j9IwcSYglWCFF6zBBAgepT0phgm5A7WTeH169NKY:1sWgwp:4YbJ-EyV5CafO-v4S33wwfz-oUP49aYTZMhN2wznOi0	2024-08-07 20:42:47.551181+02
fisn056ybsjca42tifdhthgam2wakdjs	.eJxVi0sKwjAQQO-StZSZTCYfl4LnCNN8SFErmGYl3l2FLnT7Pk8VZWwtjl4eccnqqLQ6_LJZ0qWsXyEp3ce69WlHfTrfZLme9uDvatLbZ3EGa0XQHBCCFDGEnAF9DtnpEpwWw2jYE1QmrgDJGxINbO1MNif1egMQDjJY:1scPnE:3ctcFWVAjY33CVS8SQqO3L8iOyt29omeoO7Pmpt5SOM	2024-08-23 15:36:32.467888+02
c3wx32lz8n2x7hrxunq3p1r5yu212acg	.eJxVi0sKwjAQQO-StZRmms-MS8FzhGlmQopawTQr8e4qdKHb93maxH2rqTd9pEXM0Uzm8Mtmzhddv4Jzvvd1a8OO2nC-8XI97cHfVbnVz1LQkQXkSTyhxQxBpRBqhEACHkXVej8XBRLHGjI4F-I4hqikwmBebzp0M7I:1scTaO:8Ag2Ce9S3ktrkoqc_GBkHVmv0-L1dRcGLvRaeZNOOwc	2024-08-23 19:39:32.649497+02
tbbp6ct6p8x8579i06it8vfeq8xy8cvu	.eJxVi0sKwjAQQO-StZSZTCYfl4LnCNN8SFErmGYl3l2FLnT7Pk8VZWwtjl4eccnqqLQ6_LJZ0qWsXyEp3ce69WlHfTrfZLme9uDvatLbZ3EGa0XQHBCCFDGEnAF9DtnpEpwWw2jYE1QmrgDJGxINbO1MNif1egMQDjJY:1shCnt:T0Mkd3PYkM1leA7vFn4pTEk_PG84kYukrP0qfcC41AA	2024-09-05 20:45:01.363756+02
meeogc2xwe4xj9podz4rumtranc8srsu	.eJxVi0sKwjAQQO-StZRmms-MS8FzhGlmQopawTQr8e4qdKHb93maxH2rqTd9pEXM0Uzm8Mtmzhddv4Jzvvd1a8OO2nC-8XI97cHfVbnVz1LQkQXkSTyhxQxBpRBqhEACHkXVej8XBRLHGjI4F-I4hqikwmBebzp0M7I:1skUd0:02BZpRLULE-bRQmHmoXBsgwznKmxPAe58VPIPVAasj4	2024-09-14 22:23:22.865049+02
n0xeigz6lvcy9ql7uec6159jlqg7augb	.eJxVi0sKwjAQQO-StZRmms-MS8FzhGlmQopawTQr8e4qdKHb93maxH2rqTd9pEXM0Uzm8Mtmzhddv4Jzvvd1a8OO2nC-8XI97cHfVbnVz1LQkQXkSTyhxQxBpRBqhEACHkXVej8XBRLHGjI4F-I4hqikwmBebzp0M7I:1syxF2:Vmtge76Or5s080yDBBeh2z2Fzt8QmdrwKEH6yQ64xfU	2024-10-24 19:46:24.63447+02
\.


--
-- Data for Name: events_eventmodel; Type: TABLE DATA; Schema: public; Owner: thomas
--

COPY public.events_eventmodel (id, created, updated, image, title, slug, content, venue_name, event_address, map_coordinates, total_seats_sold, event_link, event_startdate, tip, event_enddate, status, category_id, organiser_id) FROM stdin;
6a0397b2-7a12-4745-8a4d-78b7759c4176	2024-05-10 00:47:06.982843+02	2024-08-31 22:24:35.655417+02	event/fecf2d16f5984e7d8320be3996b5cd98.jpg	Family get together - December 2024	family-get-together-december-2024	<p>Getting together in December with children and konwatywe.</p>\r\n<p>Kulungiswe izinto ekufuneka zilungisiwe.&nbsp;</p>\r\n<p>Kubhiyozelwe iindaba ezimnandi.</p>\r\n<p>&nbsp;</p>\r\n<p>Sibukaneni.</p>	Tinana Khaya-khulu	Tinana Location, Mount Fletcher	\N	0	\N	2024-12-27 14:00:19+02	10%	2024-12-29 00:45:56+02	APPROVED	586451b9-05b1-44dc-961a-269e72be9ea2	3
\.


--
-- Data for Name: events_eventtickettypemodel; Type: TABLE DATA; Schema: public; Owner: thomas
--

COPY public.events_eventtickettypemodel (id, created, updated, title, available_seats, sale_start, sale_end, price, transaction_cost, total_price, event_id) FROM stdin;
698dbe43-4db6-465c-942b-0d1e2649c75f	2024-05-10 00:51:45.825989+02	2024-05-10 00:51:45.826024+02	General Contribution	200	2024-06-01 00:00:00+02	2024-12-25 00:00:00+02	200.00	6.00	206.00	6a0397b2-7a12-4745-8a4d-78b7759c4176
301abfa9-0f35-4e56-b6cb-0c6ac05dab50	2024-05-10 00:51:45.835526+02	2024-05-10 00:51:45.835572+02	Children - Free	40	2024-06-01 00:00:00+02	2024-12-25 00:00:00+02	0.00	0.00	0.00	6a0397b2-7a12-4745-8a4d-78b7759c4176
4d516df1-b893-47e6-ac74-a84709c03b25	2024-05-10 00:51:45.840013+02	2024-05-10 00:51:45.840051+02	Adults - Free	10	2024-06-01 00:00:00+02	2024-12-25 00:00:00+02	0.00	0.00	0.00	6a0397b2-7a12-4745-8a4d-78b7759c4176
\.


--
-- Data for Name: events_ticketmodel; Type: TABLE DATA; Schema: public; Owner: thomas
--

COPY public.events_ticketmodel (id, created, updated, guest_full_name, guest_email, guest_phone_number, quantity, barcode_value, barcode_image, qrcode_url, qrcode_image, ticket_order_id, ticket_type_id) FROM stdin;
\.


--
-- Data for Name: events_ticketordermodel; Type: TABLE DATA; Schema: public; Owner: thomas
--

COPY public.events_ticketordermodel (id, created, updated, payment_method_type, payment_method_card_holder, payment_method_masked_card, payment_method_scheme, payment_date, order_number, checkout_id, email, quantity, subtotal, total_price, total_transaction_costs, tip, accepted_laws, reservation_time, paid, tickets_pdf_file, buyer_id, event_id) FROM stdin;
\.


--
-- Data for Name: home_categorymodel; Type: TABLE DATA; Schema: public; Owner: thomas
--

COPY public.home_categorymodel (id, created, updated, thumbnail, slug, label) FROM stdin;
1413020d-4eff-419f-b6bd-8749523a6d66	2024-04-27 01:11:39.044982+02	2024-04-27 01:11:39.045011+02	category/Disaster.png	disaster	Disaster
ce72f749-1190-4d8f-bc51-711afa0d76bc	2024-04-27 01:11:56.30968+02	2024-04-27 01:11:56.309733+02	category/Business.png	business	Business
586451b9-05b1-44dc-961a-269e72be9ea2	2024-04-27 01:12:05.491729+02	2024-04-27 01:12:05.491758+02		family	Family
7bb46390-315c-407c-82f5-6d19fdf34d3b	2024-04-27 01:12:12.129913+02	2024-04-27 01:12:12.129939+02		education	Education
e17f736d-7114-4783-af00-ac3bd911e594	2024-04-27 01:12:16.774001+02	2024-04-27 01:12:16.774149+02		technology	Technology
11d41472-fd17-4e97-af97-8dab7e4c4a1b	2024-04-27 01:12:42.940246+02	2024-04-27 01:12:42.940272+02		conferences	Conferences
aa2da08d-1c3e-4747-9170-efc62341fb1a	2024-04-27 01:13:01.479563+02	2024-04-27 01:13:01.479612+02		networking	Networking
ccfc74ac-4863-4229-af5f-7502f1da22c5	2024-04-27 01:13:16.895755+02	2024-04-27 01:13:16.895784+02		workshops	WorkShops
56658cf1-4aa7-4330-aba9-3592bf9f24b0	2024-04-27 01:13:32.226902+02	2024-04-27 01:13:32.226968+02		product-launch	Product Launch
d4fa5331-a6a9-4fe6-81d2-9ee512071d04	2024-04-27 01:13:45.66737+02	2024-04-27 01:13:45.667401+02		charity	Charity
8b9e922e-267f-43af-bd68-c111227f8fcc	2024-04-27 01:13:59.17194+02	2024-04-27 01:13:59.171973+02		concert	Concert
e99223d6-233a-48f9-8b41-f516d459907f	2024-04-27 01:14:18.633716+02	2024-04-27 01:14:18.633745+02		performing-visual-arts	Performing & Visual Arts
\.


--
-- Data for Name: home_commentmodel; Type: TABLE DATA; Schema: public; Owner: thomas
--

COPY public.home_commentmodel (id, created, updated, comment, commenter_id, post_id) FROM stdin;
\.


--
-- Data for Name: home_emailmodel; Type: TABLE DATA; Schema: public; Owner: thomas
--

COPY public.home_emailmodel (id, created, updated, subject, from_email, name, phone, message, task_id) FROM stdin;
15960fcb-0644-454f-8164-d5543e00d0cf	2024-04-26 22:53:07.700913+02	2024-04-26 22:53:07.700971+02	Laylah Passicot	qwmwtwjpmd.t@rightbliss.beauty	Laylah	1	Laylah Passicot	
4066af64-cdbf-4a3f-829d-5f9e4c6148f0	2024-04-28 18:04:38.911175+02	2024-04-28 18:04:38.911262+02	Jobbe Vranckx	qmhbhhhjbj.d@rightbliss.beauty	Jobbe	1	Jobbe Vranckx	
51c75c3f-1acd-42a4-98da-ecc9e0f51f42	2024-04-30 07:49:55.104566+02	2024-04-30 07:49:55.104607+02	Mykah Sygnarski	qmbhjcttjc.b@rightbliss.beauty	Mykah	1	Mykah Sygnarski	
aa87292e-0107-4f1f-91ed-a812883421a5	2024-05-02 02:13:40.749508+02	2024-05-02 02:13:40.749576+02	Azka Maussnest	qmpwmjdbch.b@rightbliss.beauty	Azka	1	Azka Maussnest	
fea7896b-9387-4659-80ea-56946680d89f	2024-05-03 21:00:43.370492+02	2024-05-03 21:00:43.370571+02	Chisum Doming	hjjbpdbwqw.d@rightbliss.beauty	Chisum	1	Chisum Doming	
63d2476c-7ac1-4fe9-9408-2d6894b0b7da	2024-05-05 12:03:09.163893+02	2024-05-05 12:03:09.163989+02	Rahmell Cuni	hjthbwpjpd.d@rightbliss.beauty	Rahmell	1	Rahmell Cuni	
c0f5cc62-b764-4ba4-97bf-15fb02328a3b	2024-05-07 05:41:52.021409+02	2024-05-07 05:41:52.02162+02	Leilahni Mottalini	hjbmdhwttj.d@rightbliss.beauty	Leilahni	1	Leilahni Mottalini	
fcac1b0a-841a-412e-98b0-3b2a84cc42b9	2024-05-08 01:21:00.406548+02	2024-05-08 01:21:00.406654+02	Contact us	ndwandwa.africa@aol.com	Taylah	782797275	Hey there, \r\n\r\nI hope this email finds you well. I wanted to let you know about our new BANGE backpacks and sling bags that just released.\r\n\r\nThe bags are waterproof and anti-theft, and have a built-in USB cable that can recharge your phone while you're on the go.\r\n\r\nBoth bags are made of durable and high-quality materials, and are perfect for everyday use or travel.\r\n\r\nOrder yours now at 50% OFF with FREE Shipping: http://bangeshop.com\r\n\r\nThanks and Best Regards,\r\n\r\nTaylah	
0ca6b644-c3a5-48ea-916b-70a86d161c3a	2024-05-09 01:18:26.414825+02	2024-05-09 01:18:26.414999+02	Moonyean Amburger	hjwchcmbwc.d@rightbliss.beauty	Moonyean	1	Moonyean Amburger	
8e09432c-da97-4414-ba2a-a98e04960083	2024-05-10 00:08:27.409727+02	2024-05-10 00:08:27.40985+02	Oksana Oladipupo	hqqtqqjwdh.d@rightbliss.beauty	Oksana	1	Oksana Oladipupo	
905ad7f7-35c2-4bbf-bf26-e2c41201347d	2024-05-10 15:34:22.238825+02	2024-05-10 15:34:22.238923+02	Shamyiah Deppisch	hqtmmbhjmw.b@rightbliss.beauty	Shamyiah	1	Shamyiah Deppisch	
e4183ef4-141a-44d4-a59c-5524831ad1da	2024-05-11 08:37:59.465417+02	2024-05-11 08:37:59.465493+02	Aivree Eisenbarth	hqccpmttbd.b@rightbliss.beauty	Aivree	1	Aivree Eisenbarth	
d3bc5c17-0430-48b4-a194-e8ab2e19c250	2024-05-11 10:58:03.430922+02	2024-05-11 10:58:03.431093+02	??	noreplyhere@aol.com	Phil Stewart	342-123-4456	Hey, looking to boost your ad game? Picture your message hitting website contact forms worldwide, grabbing attention from potential customers everywhere! Starting at just under a hundred bucks my budget-friendly packages are designed to make an impact. Drop me an email now to discuss how you can get more leads and sales now!\r\n\r\nPhil Stewart\r\nEmail: j8psz6@submitmaster.xyz\r\nSkype: form-blasting	
c9a423a7-a8e0-4d81-8cf7-de41bfbb44b7	2024-05-12 01:38:13.780455+02	2024-05-12 01:38:13.78053+02	Tykeira Sketo	hqmtctdcqj.b@rightbliss.beauty	Tykeira	1	Tykeira Sketo	
316439bc-1d16-42d7-b97f-94bc16693579	2024-05-12 17:27:01.922938+02	2024-05-12 17:27:01.923006+02	Carvis Bernaldez	hhhjdpbwcc.b@rightbliss.beauty	Carvis	1	Carvis Bernaldez	
0e9472f9-f6a5-469e-ab47-fd2c85ea5169	2024-05-13 09:42:19.729064+02	2024-05-13 09:42:19.72914+02	Zeporia Rajih	hhdptqpqhh.b@rightbliss.beauty	Zeporia	1	Zeporia Rajih	
6580e330-16af-414d-94ef-11e1677bdddb	2024-05-16 19:35:24.559829+02	2024-05-16 19:35:24.559888+02	Logunn Alesanco	htwqbhtdjh.b@rightbliss.beauty	Logunn	1	Logunn Alesanco	
0bb6d87f-dab2-43a4-976e-c24f51ece66e	2024-05-19 21:00:54.917499+02	2024-05-19 21:00:54.917604+02	Shanquil Gagliarini	hbqbphmcwh.b@rightbliss.beauty	Shanquil	1	Shanquil Gagliarini	
42586a98-b4fc-47b4-aa10-5ed8434ef10e	2024-05-20 12:53:34.881639+02	2024-05-20 12:53:34.881777+02	Ecequiel Forts	hbdhbpjmtw.b@rightbliss.beauty	Ecequiel	1	Ecequiel Forts	
a1fc9443-ed17-4fc3-aa4a-70fdc2d00bbc	2024-05-21 21:10:08.306893+02	2024-05-21 21:10:08.306964+02	Amke Newley	hbmchbtdbj.b@rightbliss.beauty	Amke	1	Amke Newley	
e9a9463d-b61d-44e4-9027-987283524f0e	2024-05-23 12:09:14.825629+02	2024-05-23 12:09:14.825743+02	Fidel Osburn	fidel@osburn.podiatristusa.sale	Fidel	173048453	Hey there,\r\n\r\nIf you are one of the sufferers of the common problems nails have, then you are in luck! Our Toenail Clippers is here to help. It has a specially designed clip that can help those with troubles with winding nails, hard nails, two nails, nail cracks, deep nails, and thickened nails.\r\n\r\nWe are confident that our Toenail Clippers will provide you with the results you are looking for.\r\n\r\nGet yours today with 60% OFF: https://podiatristusa.sale\r\n\r\nTo your success,\r\n\r\nFidel	
0d634e67-cb34-4ea1-bcb4-d09d1505ed5f	2024-05-23 21:40:20.514291+02	2024-05-23 21:40:20.514414+02	Wayna Lancione	hcpcppphqw.b@rightbliss.beauty	Wayna	1	Wayna Lancione	
8cef9de3-ba2b-4989-a988-dce15a85e9bd	2024-05-25 04:57:45.960206+02	2024-05-25 04:57:45.960292+02	Abbey Kranson	hpjtcqwdpd.b@rightbliss.beauty	Abbey	1	Abbey Kranson	
d22855a3-5edd-47f5-a994-65a082f44283	2024-05-26 10:31:59.081283+02	2024-05-26 10:31:59.081383+02	Demeshia Rabbat	hptjdbmptj.b@rightbliss.beauty	Demeshia	1	Demeshia Rabbat	
436105f3-734a-4fd4-8422-9ab67ff9f607	2024-05-27 17:21:02.046309+02	2024-05-27 17:21:02.046399+02	Bronda Winham	hpbptjjmwc.b@rightbliss.beauty	Bronda	1	Bronda Winham	
7393c60f-7528-4ced-a1ba-8e2a2c19488e	2024-05-29 02:26:01.619581+02	2024-05-29 02:26:01.619675+02	Kasi Hudgens	hpwdqdhhdh.b@rightbliss.beauty	Kasi	1	Kasi Hudgens	
c8620fc9-0660-4e15-a4c2-de19d7c4e5c6	2024-05-30 08:35:30.554419+02	2024-05-30 08:35:30.568594+02	Bayleigh Hulce	hwqjmwtdmw.b@rightbliss.beauty	Bayleigh	1	Bayleigh Hulce	
a37e4d05-9ee9-4c94-a310-6ce3e76294b7	2024-05-31 15:08:34.688887+02	2024-05-31 15:08:34.688952+02	Aviraj Munana	hwtpwhdpbd.b@rightbliss.beauty	Aviraj	1	Aviraj Munana	
6a768da1-3257-4375-b25b-fa5e6aad8b00	2024-06-01 22:58:31.703277+02	2024-06-01 22:58:31.703361+02	Janiesha Sypher	hwcdcccjqj.b@rightbliss.beauty	Janiesha	1	Janiesha Sypher	
c3373589-a24d-4890-9871-30bfcbc305c8	2024-06-03 05:24:32.583909+02	2024-06-03 05:24:32.583979+02	Lekendrick Hilliard	hwmqbjphcc.b@rightbliss.beauty	Lekendrick	1	Lekendrick Hilliard	
72120e69-f7fe-4737-aa34-ba48708df42b	2024-06-04 14:54:30.384366+02	2024-06-04 14:54:30.38445+02	Shaefer Sharper	hmqwtdwbhh.b@rightbliss.beauty	Shaefer	1	Shaefer Sharper	
8937e684-095e-4594-b065-7dacb9343bab	2024-06-06 02:38:19.359558+02	2024-06-06 02:38:19.359649+02	Zymire Prieboy	hmdbqwmppw.b@rightbliss.beauty	Zymire	1	Zymire Prieboy	
ce5b3d37-e004-4556-961b-6dd611d9b7f1	2024-06-07 11:36:57.413912+02	2024-06-07 11:36:57.414069+02	Glenisha Hautaviita	hmphjtqjtd.b@rightbliss.beauty	Glenisha	1	Glenisha Hautaviita	
398311b8-4d9d-4c83-ad31-62cdfb3aa02b	2024-06-08 04:43:50.783696+02	2024-06-08 04:43:50.78388+02	Hey stud, ready for love?	amandasofits3@gmail.com	AmandaZenSetrya	81779816982	Hey darling, want to hang out? -  https://u.to/IGq5IA?FAm	
c965ee43-0abc-4ed0-95c8-9f535b1710b8	2024-06-08 19:38:54.446843+02	2024-06-08 19:38:54.446912+02	Yanaliz Andrada tivani	hmmwwphhmj.b@rightbliss.beauty	Yanaliz	1	Yanaliz Andrada tivani	
cedb1dac-31c7-477a-91f7-aeed769193d7	2024-06-10 03:14:28.87403+02	2024-06-10 03:14:28.874201+02	Andre Chenevix	tjhbpqtbdc.b@rightbliss.beauty	Andre	1	Andre Chenevix	
5516d144-a0a4-4ec7-9fbd-77ca06523a6c	2024-06-11 10:46:21.738296+02	2024-06-11 10:46:21.738332+02	Dmon Dunlevy	tjbhbbdwjh.b@rightbliss.beauty	Dmon	1	Dmon Dunlevy	
0e68d887-e8e0-4921-bc9d-990bc7140160	2024-06-11 23:45:29.341101+02	2024-06-11 23:45:29.341163+02	Trista Nuzzo	trista@ndwandwa.africa	Trista	6811458106	Good day \r\n\r\nThe New Powerful LED Flashlight is The Perfect Flashlight For Any Situation!\r\n\r\nThe 3,000 Lumens & Adjustable Zoom gives you the wide field of view and brightness other flashlights dont have.\r\n\r\n50% OFF + Free Shipping!  Get it Now: https://linterna.cc\r\n\r\nThank You, \r\n\r\nTrista	
00a188e1-a75b-4741-ae0b-c61bec47edc8	2024-06-12 20:33:34.143975+02	2024-06-12 20:33:34.144011+02	Sylvie Mcgillycuddy	tjpmtmcjbw.b@rightbliss.beauty	Sylvie	1	Sylvie Mcgillycuddy	
a2246c6a-7149-45dd-bcd1-aa2f7faee7d0	2024-06-13 05:54:07.047986+02	2024-06-13 05:54:07.04807+02	Dear ndwandwa.africa Webmaster!	wilfredo.caviness94@yahoo.com	Wilfredo Caviness	615337231	Offer English Language Program Worldwide Use this platform to Help people to Learn English anywhere in the world. Find out more\r\n\r\nhttps://www.itclondon.org/english-language-program/	
2b356fa9-4819-43c8-9bb1-a09b4efb25b6	2024-06-14 07:11:26.052639+02	2024-06-14 07:11:26.052685+02	Tyion Maksimchuk	tqjchtptqd.b@rightbliss.beauty	Tyion	1	Tyion Maksimchuk	
d135b9a0-ca71-4b75-9912-757568bbd640	2024-06-16 00:19:15.503738+02	2024-06-16 00:19:15.503783+02	Lizandro Feske	tqttjpwbpj.b@rightbliss.beauty	Lizandro	1	Lizandro Feske	
5fa083d6-a5a4-4821-9793-98148b20f0cf	2024-06-17 15:53:44.392031+02	2024-06-17 15:53:44.39207+02	Relynn Kotting	tqbmmqmwhc.b@rightbliss.beauty	Relynn	1	Relynn Kotting	
29ff8a6a-1bd6-48a0-8ac3-938af311fbc1	2024-08-16 02:11:04.579181+02	2024-08-16 02:11:04.579215+02	Time Sensitive: Claim Your $50,000 Prize Now	dat3bowler172@yahoo.com	Jerrynat	88463193796	Instant Access: Collect Your $50,000 Today https://script.google.com/macros/s/AKfycbx819GtXJ-a2s2E3XwjTmAjZvNfNOeTXx4OytcYXJPeNokzXMmKsY1C13Pd-ZngokektQ/exec	
68aba9a8-6056-45f0-9c3f-c2b15b37e3cc	2024-06-18 12:00:46.042507+02	2024-06-18 12:00:46.042555+02	??	noreplyhere@aol.com	Phil Stewart	342-123-4456	Hey, looking to boost your ad game? Picture your message hitting website contact forms worldwide, grabbing attention from potential customers everywhere! Starting at just under a hundred bucks my budget-friendly packages are designed to make an impact. Drop me an email now to discuss how you can get more leads and sales now!\r\n\r\nPhil Stewart\r\nEmail: ksnwtk@submitmaster.xyz\r\nSkype: form-blasting	
0501acf7-a8d8-4a55-b8f4-47223ecde83d	2024-06-19 12:30:59.287873+02	2024-06-19 12:30:59.287921+02	Ernestina Goodship	tqwcpcqjwh.b@rightbliss.beauty	Ernestina	1	Ernestina Goodship	
2e8fd918-a269-4c59-8c8b-6c0977152892	2024-06-20 21:33:59.987125+02	2024-06-20 21:33:59.987159+02	Samaara Geiling	thqtcjhttw.b@silesia.life	Samaara	1	Samaara Geiling	
fa0f9ffe-8e1b-4521-8775-801f0bfbc0c5	2024-06-22 02:38:13.590867+02	2024-06-22 02:38:13.590911+02	Godfree Gerhards	thdjddtbmd.b@silesia.life	Godfree	1	Godfree Gerhards	
0fa5d5ef-f34f-44ae-828e-54a8e3028e54	2024-06-23 07:14:28.426577+02	2024-06-23 07:14:28.426617+02	Janyne Ewbank	thcphwdwbj.b@silesia.life	Janyne	1	Janyne Ewbank	
d65cee0f-c73b-4027-879b-70759cb58d9e	2024-06-23 07:32:30.531257+02	2024-06-23 07:32:30.531325+02	Best Offer For ndwandwa.africa	collette@ndwandwa.africa	Collette	7711547551	World's Best Neck Massager Get it Now 50% OFF + Free Shipping!\r\n\r\nWellness Enthusiasts! There has never been a better time to take care of your neck pain! \r\nOur clinical-grade TENS technology will ensure you have neck relief in as little as 20 minutes.\r\n\r\nGet Yours: https://hineck.co\r\n\r\nThanks and Best Regards,\r\n\r\nCollette\r\nContact us	
ac621231-9994-4a5a-b893-5adb0ee49a9c	2024-06-24 13:32:02.674207+02	2024-06-24 13:32:02.674241+02	Zyianna Pospelovsky	thmdqhcqjc.b@silesia.life	Zyianna	1	Zyianna Pospelovsky	
93931fa3-0140-4a7f-8940-9a176ddbe6de	2024-06-26 04:22:24.374342+02	2024-06-26 04:22:24.374396+02	Quigly Camak	tthjmcptch.b@silesia.life	Quigly	1	Quigly Camak	
d8f44cb6-dcbd-4dd8-9534-bd0e5a4e96d0	2024-06-28 09:56:33.789344+02	2024-06-28 09:56:33.7894+02	Sahrai Gladysz	ttdpwjwcqw.b@silesia.life	Sahrai	1	Sahrai Gladysz	
0b3ecfac-700f-4b38-a0fb-53eaf814d082	2024-06-30 07:23:55.194107+02	2024-06-30 07:23:55.194177+02	Natily Mocuta	ttpdcdmwpd.b@silesia.life	Natily	1	Natily Mocuta	
9398819d-b03b-4fa7-8314-1daab5e89798	2024-07-02 03:07:37.130578+02	2024-07-02 03:07:37.130636+02	Romelle Zapasiewicz	tdjqdmqqtj.b@silesia.life	Romelle	1	Romelle Zapasiewicz	
a261dff3-af9b-4a29-9bdb-9048edef3aa6	2024-07-04 04:36:11.335544+02	2024-07-04 04:36:11.335578+02	Kydon Songe	tdhwtthtwc.b@silesia.life	Kydon	1	Kydon Songe	
14b93fa0-91e6-4587-ab1a-358f2d011923	2024-07-05 21:00:41.298188+02	2024-07-05 21:00:41.298253+02	Naryah Karwoski	tdbbqptcdh.b@silesia.life	Naryah	1	Naryah Karwoski	
759c37e0-da0c-4258-8547-3055f5f38ab7	2024-07-07 13:32:40.876824+02	2024-07-07 13:32:40.876865+02	Shalette Haussler	tdwhjqdwmw.b@silesia.life	Shalette	1	Shalette Haussler	
6e3d0e2d-a5b9-4811-993c-a05218b8697d	2024-07-08 23:09:03.084062+02	2024-07-08 23:09:03.084151+02	Hey stud, ready for love?	amandasofitsc@gmail.com	AmandaZenSetry1	85365217553	Hey darling, want to hang out? -  https://rb.gy/7rnhss?Sleeseah	
e94f7378-6955-4adf-89c2-947e356ab6ca	2024-07-09 06:32:40.190376+02	2024-07-09 06:32:40.190418+02	Relonda Antonacci	tbjwwbcqbd.b@silesia.life	Relonda	1	Relonda Antonacci	
a5c85143-dbd2-4909-960b-b0d4aa5bc5e7	2024-07-12 16:30:54.256837+02	2024-07-12 16:30:54.256889+02	Offering you my personal email	magicmat@ndwandwa.africa	Maximilian	642093825	Get The Worlds Greatest Magic Sand Free Beach Mat!\r\n\r\nWatch sand, dirt & dust disappear right before your eyes! It's perfect for beach, picnic, camping or hiking.\r\n\r\nAct Now And Receive A Special Discount For Our Magic Mat!\r\n\r\nGet Yours Here:  https://magicmats.co\r\n\r\nBest regards, \r\n \r\nMaximilian	
a3ce482c-3261-42ca-a17e-aa3b6d6c76a7	2024-07-12 17:09:37.892982+02	2024-07-12 17:09:37.893025+02	Mjewdjwjdw jwksqkowjfjj kkepwlw3jreklm kwldewkdjr3kdw2o keo2kswlkforej	yasen.krasen.13+81559@mail.ru	Russellchale	82338764576	Ofedkwdkjwkjdkwjdkjw jdwidjwijdwfw fjdkqwasqfoewofjewof ojqwejfqwkdokjwofjewofjewoi ndwandwa.africa	
e2d72cb1-fbe9-410e-bbf5-ca91b3d0cd06	2024-07-13 07:35:44.379768+02	2024-07-13 07:35:44.379817+02	Lizveth Bjorkling	tbchbtwccc.b@silesia.life	Lizveth	1	Lizveth Bjorkling	
cfb8c763-8b5c-4b43-9d1f-b29047a3a0f1	2024-07-14 22:03:03.778596+02	2024-07-14 22:03:03.778635+02	Zulfiya Melbert	tbwmtpmmhh.b@silesia.life	Zulfiya	1	Zulfiya Melbert	
51ec17ca-2b2a-434f-b1bd-eb3f72e4fdf6	2024-07-15 09:00:08.308186+02	2024-07-15 09:00:08.308334+02	??	noreplyhere@aol.com	Phil Stewart	342-123-4456	Blast Your Message: Ready to send your message across the digital universe? Imagine your brand reaching countless website contact forms worldwide! For just under $100, unlock the potential to reach 1 million forms. Contact me below for details.\r\n\r\nPhil Stewart\r\nEmail: 9mfw7m@gomail2.xyz\r\nSkype: form-blasting	
911a3f78-bc6b-4e1a-a6a2-1ca8bceb12a2	2024-07-16 15:52:19.032413+02	2024-07-16 15:52:19.032463+02	Lamontez Seebach	tcqchhqqpw.b@silesia.life	Lamontez	1	Lamontez Seebach	
07e3372d-b804-4282-85ba-0c80990046b9	2024-07-18 16:42:36.541928+02	2024-07-18 16:42:36.541968+02	Mamadou Mausbach	tcdtjchdtd.b@silesia.life	Mamadou	1	Mamadou Mausbach	
ded95a44-73f2-4e8f-baa3-4533cf9ece21	2024-07-20 11:07:11.06334+02	2024-07-20 11:07:11.06339+02	Gitte Ramondetta	tccmmjtcmj.b@silesia.life	Gitte	1	Gitte Ramondetta	
6ee8e9e2-e9da-475a-b0d6-250cb499ddb8	2024-07-24 07:10:54.549602+02	2024-07-24 07:10:54.549636+02	Hasker Aspelund-ingman	tphtbwchjh.b@silesia.life	Hasker	1	Hasker Aspelund-ingman	
1520d098-3aaa-4a8d-b6a4-df8e766d59b0	2024-07-26 03:48:06.044846+02	2024-07-26 03:48:06.044902+02	Brentt Jajamovich	tpbjdhpdbw.b@rightbliss.beauty	Brentt	1	Brentt Jajamovich	
16ac1da1-b1de-4e49-a73c-9faa0b64895d	2024-07-26 04:15:44.646673+02	2024-07-26 04:15:44.64671+02	Add ndwandwa.africa to Google Search Index!	submissions@searchindex.site	Search Engine Index	3657149939	Hello,\r\n\r\nfor your website do be displayed in searches your domain needs to be indexed in the Google Search Index.\r\n\r\nTo add your domain to Google Search Index now, please visit \r\n\r\nhttps://searchregister.info/	
36b2af2a-eae5-4de6-9e60-5f0afe1ddca2	2024-07-31 22:39:55.053134+02	2024-07-31 22:39:55.053179+02	??	noreplyhere@aol.com	Phil Stewart	342-123-4456	Hey, want your ad to reach millions of contact forms? Just like you're reading this message, others can read yours too. Visit my site below for details.\r\n\r\nhttp://j6tgvc.contactblasting.xyz	
ae8be025-3241-46a4-83ce-7f0feb54966f	2024-08-03 22:51:35.73911+02	2024-08-03 22:51:35.739157+02	Celebrate Your Win: iPhone 16 Pro Max	galexspb@mail.ru	RobertRuins	88588666799	Claim Your Prize: iPhone 16 Pro Max Winner http://hickeys.kr/shop/bannerhit.php?bn_id=9&url=https%3A%2F%2Ftelegra.ph%2Fiphone-07-06-5%3F6853	
b22246db-26e6-48ff-b62f-d6a56888741b	2024-08-05 10:35:09.47877+02	2024-08-05 10:35:09.478802+02	Life-Changing Offer: $77,000  Withdraw Now and Secure Your Future!	blackchristopher18@yahoo.com	RobertRuins	87492656198	MONEY MANIA! WITHDRAW YOUR $77,000 URGENTLY! https://script.google.com/macros/s/AKfycbyJCj0bGarD_SL44x_lRRmECVIbX8aQjTi2b-o38bqj7NF8FXVs8v4ItNKaWqlAPLN-/exec	
c0aeb950-af86-4ea8-97a2-8c6d6de656f9	2024-08-05 18:39:25.946305+02	2024-08-05 18:39:25.946342+02	Add ndwandwa.africa to Google Search Index!	submissions@searchindex.site	Search Engine Index	892794359	Hello,\r\n\r\nfor your website do be displayed in searches your domain needs to be indexed in the Google Search Index.\r\n\r\nTo add your domain to Google Search Index now, please visit \r\n\r\nhttps://searchregistry.net/	
8b9ad13f-1bcd-4a5a-b80a-86d44765518e	2024-08-13 14:40:43.710087+02	2024-08-13 14:40:43.710129+02	Limited Time: Claim Your $50,000 Prize Now	lwasta21@yahoo.com	Jerrynat	84581174254	YOUR $50,000 REWARD AWAITS: CLAIM NOW https://script.google.com/macros/s/AKfycbwXx2UO7Rl-ldp6P2tqd4xdt7uCe5qJp33NLW12InlYIbIoIzNYcPeKj1r58gB7Fvs/exec	
e8abc91a-6ef5-4009-97f2-484882543242	2024-08-15 01:44:09.952016+02	2024-08-15 01:44:09.952053+02	GRAB YOUR SHARE: COLLECT $50,000 IMMEDIATELY	xio_lindeborg@hotmail.com	Jerrynat	81936523192	DON'T HESITATE: COLLECT YOUR $50,000 NOW https://script.google.com/macros/s/AKfycbzVT0jk6AmDkCd7DJhWHvzoI-C8NdQvndFz8XdhDOqxJNlgHYrsasCSWuK50t6Pq-7d/exec	
fba8eb40-f665-480c-a18c-208f89775f8d	2024-08-15 10:05:13.914914+02	2024-08-15 10:05:13.91495+02	??	noreplyhere@aol.com	Phil Stewart	342-123-4456	Ever thought about having your ad blasted to millions of contact forms? You're reading this message, so you know it works! Check out my site below for more info.\r\n\r\nhttp://n67g9e.contactblasting.xyz	
79b279c7-22cf-4111-a4db-dc52b6914ab2	2024-08-15 22:13:58.876155+02	2024-08-15 22:13:58.876179+02	Add ndwandwa.africa to Google Search Index!	submissions@searchindex.site	Search Engine Index	7727285112	Hello,\r\n\r\nfor your website do be displayed in searches your domain needs to be indexed in the Google Search Index.\r\n\r\nTo add your domain to Google Search Index now, please visit \r\n\r\nhttps://searchregistry.net/	
e7fd309c-4bf4-4a2c-823f-68eabfec164e	2024-08-22 21:26:01.156026+02	2024-08-22 21:26:01.156084+02	Withdraw Immediately: Your Balance Is $50,000	lawrence54porto@yahoo.com	DavidHoado	89623742341	Urgent: Withdraw NowYour Balance Is Just $50,000 https://script.google.com/macros/s/AKfycbyb7DCmXrVSkqbs4ShgWmejyZNB9dQC6gr1IBdFqANsRm2zvGIxKo4ayFWxZ2uNMNQBUw/exec	
541a5bc6-ca54-45af-aeb9-ee442fc4f4ca	2024-08-23 14:26:35.894679+02	2024-08-23 14:26:35.89471+02	Tybee Gilbride	dqpmwwpbbd.b@rightbliss.beauty	Tybee	1	Tybee Gilbride	
26d0869e-c2ce-4a2c-8392-acccf55a11ca	2024-08-24 05:35:36.320041+02	2024-08-24 05:35:36.32007+02	Alert: Balance Is $50,000Withdraw Money Immediately	cooleynicola@yahoo.com	DavidHoado	84672875972	Attention: Withdraw MoneyYour Balance Is $50,000 https://script.google.com/macros/s/AKfycbxyyDCcNC3nLaorvehM5JCBtm2bpuj_c8Mk7k8sh3CBErkKRwlDFz_5IDeieLRAOYk/exec	
2ad3ce35-f6aa-4984-87f3-f2d876166780	2024-08-25 18:47:52.140276+02	2024-08-25 18:47:52.140321+02	Add ndwandwa.africa to Google Search Index!	submissions@searchindex.site	Search Engine Index	474354519	Hello,\r\n\r\nfor your website do be displayed in searches your domain needs to be indexed in the Google Search Index.\r\n\r\nTo add your domain to Google Search Index now, please visit \r\n\r\nhttps://searchregistry.net/	
dd3292f1-b89c-44ca-afbd-f24ce5adb2c3	2024-08-30 08:35:10.268455+02	2024-08-30 08:35:10.268508+02	SECURE YOUR $115,000.79 CASH PRIZE NOW	shawnmunch1979@gmail.com	DavidHoado	82718414469	Don't Miss Out: Collect Your $115,000.79 Winnings https://script.google.com/macros/s/AKfycbybJsDek_dnsGV7htGIuhwTMInrRO5h9drzjKjuc3pofn-JzJzhtMbvBlYta0JD-Fx2Lw/exec	
288ff48e-6cc8-4e46-8df4-7eee7b96609a	2024-09-03 02:52:17.534133+02	2024-09-03 02:52:17.534166+02	??	noreplyhere@aol.com	Phil Stewart	342-123-4456	Youve just demonstrated the power of contact form blasting by reading this message! The key to successful advertising is getting your ad noticed, and youve done exactly that - noticed my ad! Lets amplify your reach and drive sales, followers, and YouTube views. Discover our high-volume blasting plans designed for affiliate marketers and agencies.For details, check out my website\r\n\r\nhttp://9qdyfs.contactformmarketing.xyz	
0d530903-8778-4fe8-bcbb-28759fd0814e	2024-09-04 21:18:41.826538+02	2024-09-04 21:18:41.826621+02	Add ndwandwa.africa to Google Search Index!	submissions@searchindex.site	Search Engine Index	28169734	Hello,\r\n\r\nfor your website do be displayed in searches your domain needs to be indexed in the Google Search Index.\r\n\r\nTo add your domain to Google Search Index now, please visit \r\n\r\nhttps://searchregistry.net/	
d54963b4-e6b8-4c18-b729-41e681c946bc	2024-09-12 11:15:33.925211+02	2024-09-12 11:15:33.925251+02	??	noreplyhere@aol.com	Phil Stewart	342-123-4456	Ever thought about having your ad blasted to millions of contact forms? You're reading this message, so you know it works! Check out my site below for more info.\r\n\r\nhttp://rm9exy.contactformblasting.xyz	
2a995564-8a80-42f0-9b6f-745afa9efdeb	2024-09-14 20:29:19.350135+02	2024-09-14 20:29:19.350184+02	Add ndwandwa.africa to Google Search Index!	donnie.westfall@outlook.com	Search Engine Index	3238354351	Hello,\r\n\r\nfor your website do be displayed in searches your domain needs to be indexed in the Google Search Index.\r\n\r\nTo add your domain to Google Search Index now, please visit \r\n\r\nhttps://searchregistry.net/	
a5b8c1d6-e0f9-42b7-9a38-8870799badac	2024-09-17 10:54:42.598045+02	2024-09-17 10:54:42.598086+02	Casino VIP	menhos7@rambler.ru	Valeron83Trick	87892957313	Hello. \r\nJoin now and get access to our exclusive offer! Limited time only! Welcome bonus now - $1200 + 300FS Register here:  https://tinyurl.com/2s4djc4y	
892353b9-530c-4696-b2ec-8fa76e04f05f	2024-09-20 01:28:12.171637+02	2024-09-20 01:28:12.171696+02	To the ndwandwa.africa Administrator.	nina@mail2go.xyz	Nina Stralia	2124199768	hello!	
4cee0648-6192-4d1a-a136-ab412bf55c99	2024-09-24 09:59:22.431676+02	2024-09-24 09:59:22.431698+02	Hallo  i am wrote about     prices	kayleighbpsteamship@gmail.com	Davidriz	82289725994	Xin cho, ti mun bit gi ca bn.	
57ab63c2-7cdc-43da-bad4-8bf2c1592ee0	2024-09-24 19:27:57.725647+02	2024-09-24 19:27:57.725683+02	Add ndwandwa.africa to Google Search Index!	denise.shillings@googlemail.com	Search Engine Index	217346297	Hello,\r\n\r\nfor your website do be displayed in searches your domain needs to be indexed in the Google Search Index.\r\n\r\nTo add your domain to Google Search Index now, please visit \r\n\r\nhttps://searchregistry.net/	
994257f5-b0c5-44d6-a53f-b921d7fc2e38	2024-09-24 23:59:27.844596+02	2024-09-24 23:59:27.844618+02	Hallo  i am writing about your   price for reseller	yjdisantoyjdissemin@gmail.com	Masonriz	86471738742	Salut, ech wollt re Pris wssen.	
43e529d8-5cb1-427e-896d-43332776fd22	2024-09-25 21:54:46.244684+02	2024-09-25 21:54:46.244708+02	Hallo  i write about your the price for reseller	kayleighbpsteamship@gmail.com	Davidriz	85874328486	,      .	
aa95e7fc-496c-42a3-a219-17c8d14e7421	2024-09-26 23:15:01.367829+02	2024-09-26 23:15:01.367871+02	<strong><a href="https://pr-site.com">primer-6</a></strong>	thomaskingial13@gmail.com	<strong><a href="https://pr-site.com">primer-1</a></strong>	85869211128	<strong><a href="https://pr-site.com">primer-8</a></strong>	
0f994c1f-98d2-4ed9-97d0-c0d167cb6393	2024-09-27 12:51:27.108379+02	2024-09-27 12:51:27.108411+02	Contact us	ndwandwa.africa@zoho.com	Spencer	4184294	Good Morning \r\n \r\nDefrost frozen foods in minutes safely and naturally with our THAW KING. \r\n\r\n50% OFF for the next 24 Hours ONLY + FREE Worldwide Shipping for a LIMITED \r\n\r\nBuy now: https://thawking.shop\r\n \r\nAll the best, \r\n \r\nSpencer	
55d8e25e-294f-48aa-b3b8-a1a54bd32ac8	2024-09-27 23:09:10.740246+02	2024-09-27 23:09:10.740292+02	??	noreplyhere@aol.com	Phil Stewart	342-123-4456	Congratulations! By reading this, youve proven that contact form blasting captures attention. The biggest challenge in advertising is getting your ad seen, and youve just done that with my ad and I can do it with yours too! Now, lets blast your ad to a wider audience and boost your sales, followers, and YouTube views. Explore our high-volume blasting plans tailored for affiliate marketers and agencies.For details, check out my website\r\n\r\nhttp://f4t0vw.contactuspagemarketing.xyz	
bcd224db-9506-4258-aa97-227a32edffbe	2024-09-29 13:15:47.029535+02	2024-09-29 13:15:47.029566+02	Hello, i am write about your the prices	yjdisantoyjdissemin@gmail.com	Masonriz	83546199257	Salam, qiymtinizi bilmk istdim.	
0dfc1b03-27c3-43ee-b95e-39a1d3042df9	2024-09-29 13:20:46.950305+02	2024-09-29 13:20:46.950332+02	Aloha,   writing about   the price for reseller	yjdisantoyjdissemin@gmail.com	Masonriz	85783388344	H, g vildi vita ver itt.	
53d0c0b8-6ea6-4c30-a1e9-378c8333b112	2024-10-04 18:33:58.012662+02	2024-10-04 18:33:58.012709+02	Add ndwandwa.africa to Google Search Index!	fenner.alejandra@gmail.com	Search Engine Index	9312075103	Hello,\r\n\r\nfor your website do be displayed in searches your domain needs to be indexed in the Google Search Index.\r\n\r\nTo add your domain to Google Search Index now, please visit \r\n\r\nhttps://SearchIndexer.net/	
845f5a4b-dec4-4b7e-994c-e794a2d2f492	2024-10-17 01:26:57.128342+02	2024-10-17 01:26:57.128365+02	Orlando Cat Cafe	bcrfzeszecab9@gmx.com	Bobbyerala	83446334112	Had a great time at Orlando Cat Cafe today. Remember that reservations are required. Walk up a vailability may be available. Book online. \r\nbyeralaXR \r\nhttps://www.orlandocatcafe.com/	
15f628e7-6a2d-464b-b7d3-377d880031a2	2024-10-18 01:25:40.893276+02	2024-10-18 01:25:40.893346+02	??	noreplyhere@aol.com	Phil Stewart	342-123-4456	Need a way to get millions of people to see your ad without high costs?\r\n If youre interested in learning more about how this works, reach out to me using the contact info below.\r\n\r\nRegards,\r\nVincent Alaniz\r\nEmail: Vincent.Alaniz@morebiz.my\r\nWebsite: http://v83w9u.form-marketing.top\r\nSkype: marketingwithcontactforms	
2afba604-7558-4232-9694-43982b48c7eb	2024-10-19 03:06:05.944926+02	2024-10-19 03:06:05.944954+02	Add ndwandwa.africa to Google Search Index!	submissions@searchindex.site	Search Engine Index	4106512368	Hello,\r\n\r\nfor your website do be displayed in searches your domain needs to be indexed in the Google Search Index.\r\n\r\nTo add your domain to Google Search Index now, please visit \r\n\r\nhttps://SearchRegister.info/\r\n\r\n\r\n\r\nTo stop receiving these offers, please enter unsubscribe@yourdomain.com in the email address field.	
3307a762-784e-43d6-8b5c-797ffa2f9c50	2024-10-21 14:35:43.65866+02	2024-10-21 14:35:43.658682+02	Your emails will always be delivered.	raymondGoopeHoato@gmail.com	Michealpab	87272888677	Salutations! ndwandwa.africa \r\n \r\nDid you know that it is possible to send message effectively and legally? \r\nWhen such messages are sent, no personal data is used, and messages are sent to forms specifically designed to receive, process, and respond to messages and appeals. Due to their importance, messages sent via Communication Forms have less of a chance of ending up as spam. \r\nWe want you to tr our service without an cost! \r\nOur service lets you send up to 50,000 messages. \r\n \r\nThe cost o	
8eb7957a-d80d-4115-b56a-1e4f582f48e9	2024-10-23 13:22:59.415953+02	2024-10-23 13:22:59.41598+02	Prioritize health, prioritize happiness!	g_f_d_c@trustmailticket.com	StevenExpar	87724445352	Daily wellness leads to lasting change!\r\nBe bold in your health journey!\r\nNourish your body, elevate your life!\r\nChoose wellness, choose life!\r\nNourishment for your body, clarity for your mind!\r\n \r\nvtkqj3vk4tuqjhwejhqw - ndwandwa.africa \r\nhttps://Creerrylala.info	
\.


--
-- Data for Name: home_faq; Type: TABLE DATA; Schema: public; Owner: thomas
--

COPY public.home_faq (id, created, updated, question, answer) FROM stdin;
\.


--
-- Data for Name: home_postmodel; Type: TABLE DATA; Schema: public; Owner: thomas
--

COPY public.home_postmodel (id, created, updated, image, title, description, slug, content, author_id, category_id) FROM stdin;
\.


--
-- Data for Name: home_privacymodel; Type: TABLE DATA; Schema: public; Owner: thomas
--

COPY public.home_privacymodel (id, created, updated, title, slug, description, content) FROM stdin;
\.


--
-- Data for Name: payments_ndwandwabankmodel; Type: TABLE DATA; Schema: public; Owner: thomas
--

COPY public.payments_ndwandwabankmodel (id, created, updated, balance, order_id, tip, received_at, order_uuid) FROM stdin;
0cc11bc3-9f3e-4c1e-933a-c3a399b91736	2024-05-10 00:11:56.245896+02	2024-05-15 19:57:11.589033+02	5.00	NFRF202451	\N	2024-05-10 00:11:56.245977+02	99a14fbc-584e-43b3-b8fa-dfa5f3ab722a
611178a5-7cc1-4aa0-9600-64460b8bbd78	2024-07-23 20:29:00.893477+02	2024-07-23 20:29:00.893501+02	5.00	NFRF20247	\N	2024-07-23 20:29:00.893523+02	dacb72a0-d602-41ea-a399-60524bdd5021
\.


--
-- Data for Name: payments_paymentinformation; Type: TABLE DATA; Schema: public; Owner: thomas
--

COPY public.payments_paymentinformation (id, data, order_number, order_updated, created, updated) FROM stdin;
ch_aEqGDDQvj1QSlOkfo9F1B5xD	"{\\"createdDate\\": \\"2024-05-09T22:11:53.566318Z\\", \\"id\\": \\"evt_eLB3007zo81tpP1fKGFnjXEj\\", \\"payload\\": {\\"amount\\": 5500, \\"createdDate\\": \\"2024-05-09T22:10:43.531661Z\\", \\"currency\\": \\"ZAR\\", \\"id\\": \\"p_QLOBQQdPwDJsz3u6N2hBW2xb\\", \\"metadata\\": {\\"checkoutId\\": \\"ch_aEqGDDQvj1QSlOkfo9F1B5xD\\", \\"productType\\": \\"checkout\\"}, \\"mode\\": \\"live\\", \\"paymentMethodDetails\\": {\\"card\\": {\\"expiryMonth\\": 10, \\"expiryYear\\": 28, \\"maskedCard\\": \\"************3681\\", \\"scheme\\": \\"visa\\"}, \\"type\\": \\"card\\"}, \\"status\\": \\"succeeded\\", \\"type\\": \\"payment\\"}, \\"type\\": \\"payment.succeeded\\"}"	NFRF202451	t	2024-05-10 00:11:54.393607+02	2024-05-10 00:11:54.39371+02
ch_BEd5qbej7yzCdaGfdlYFpGbg	"{\\"createdDate\\": \\"2024-05-15T16:15:57.144271Z\\", \\"id\\": \\"evt_4EX8mXyaAJDc13Wu5Rc4a2EN\\", \\"payload\\": {\\"amount\\": 16480, \\"createdDate\\": \\"2024-05-15T16:13:14.460079Z\\", \\"currency\\": \\"ZAR\\", \\"id\\": \\"p_yxvqMAk4ezKF005Se3AHKP5g\\", \\"metadata\\": {\\"checkoutId\\": \\"ch_BEd5qbej7yzCdaGfdlYFpGbg\\", \\"productType\\": \\"checkout\\"}, \\"mode\\": \\"test\\", \\"paymentMethodDetails\\": {\\"card\\": {\\"expiryMonth\\": 5, \\"expiryYear\\": 24, \\"maskedCard\\": \\"************1111\\", \\"scheme\\": \\"visa\\"}, \\"type\\": \\"card\\"}, \\"status\\": \\"succeeded\\", \\"type\\": \\"payment\\"}, \\"type\\": \\"payment.succeeded\\"}"	\N	f	2024-05-15 20:55:51.468774+02	2024-05-15 20:55:51.468833+02
ch_yL8YA8lP55ktjWOHbvaIJr9E	"{\\"createdDate\\": \\"2024-05-15T16:31:45.578143Z\\", \\"id\\": \\"evt_PLmQvr19Q64sP6oI4anFRWqL\\", \\"payload\\": {\\"amount\\": 8240, \\"createdDate\\": \\"2024-05-15T16:31:22.484622Z\\", \\"currency\\": \\"ZAR\\", \\"id\\": \\"p_XEwOZ6XwYzjSRr4F8ODidVaE\\", \\"metadata\\": {\\"checkoutId\\": \\"ch_yL8YA8lP55ktjWOHbvaIJr9E\\", \\"productType\\": \\"checkout\\"}, \\"mode\\": \\"test\\", \\"paymentMethodDetails\\": {\\"card\\": {\\"expiryMonth\\": 6, \\"expiryYear\\": 24, \\"maskedCard\\": \\"************1111\\", \\"scheme\\": \\"visa\\"}, \\"type\\": \\"card\\"}, \\"status\\": \\"succeeded\\", \\"type\\": \\"payment\\"}, \\"type\\": \\"payment.succeeded\\"}"	\N	f	2024-05-15 21:00:49.944497+02	2024-05-15 21:00:49.944593+02
ch_QLOBQX4OA2dUbBJs2YZiPrAx	"{\\"createdDate\\": \\"2024-05-15T16:34:52.615317Z\\", \\"id\\": \\"evt_rEy7yoXrZ3RfYQBUPRVurRNx\\", \\"payload\\": {\\"amount\\": 8240, \\"createdDate\\": \\"2024-05-15T16:33:15.121627Z\\", \\"currency\\": \\"ZAR\\", \\"id\\": \\"p_eLB308eJD7jtDXaTnDwS3dEj\\", \\"metadata\\": {\\"checkoutId\\": \\"ch_QLOBQX4OA2dUbBJs2YZiPrAx\\", \\"productType\\": \\"checkout\\"}, \\"mode\\": \\"test\\", \\"paymentMethodDetails\\": {\\"card\\": {\\"expiryMonth\\": 5, \\"expiryYear\\": 24, \\"maskedCard\\": \\"************1111\\", \\"scheme\\": \\"visa\\"}, \\"type\\": \\"card\\"}, \\"status\\": \\"succeeded\\", \\"type\\": \\"payment\\"}, \\"type\\": \\"payment.succeeded\\"}"	\N	f	2024-05-15 21:23:51.259092+02	2024-05-15 21:23:51.259156+02
ch_yL8YA8l3nqKt6qs15eHrlPEa	"{\\"createdDate\\": \\"2024-05-15T16:24:58.348626Z\\", \\"id\\": \\"evt_Kx6m58DB1z5hXMZtbm9f1rg8\\", \\"payload\\": {\\"amount\\": 8240, \\"createdDate\\": \\"2024-05-15T16:24:24.424550Z\\", \\"currency\\": \\"ZAR\\", \\"id\\": \\"p_1EAwD8XMypDh2a6fABsAQrxm\\", \\"metadata\\": {\\"checkoutId\\": \\"ch_yL8YA8l3nqKt6qs15eHrlPEa\\", \\"productType\\": \\"checkout\\"}, \\"mode\\": \\"test\\", \\"paymentMethodDetails\\": {\\"card\\": {\\"expiryMonth\\": 5, \\"expiryYear\\": 24, \\"maskedCard\\": \\"************1111\\", \\"scheme\\": \\"visa\\"}, \\"type\\": \\"card\\"}, \\"status\\": \\"succeeded\\", \\"type\\": \\"payment\\"}, \\"type\\": \\"payment.succeeded\\"}"	\N	f	2024-05-15 21:25:51.299375+02	2024-05-15 21:25:51.299467+02
ch_ZogkYobn35WoHletjvSQ2AL9	"{\\"createdDate\\": \\"2024-05-15T16:48:19.909430Z\\", \\"id\\": \\"evt_PEPbnX7mJavspV7CyqNSw1Wx\\", \\"payload\\": {\\"amount\\": 6180, \\"createdDate\\": \\"2024-05-15T16:47:27.847257Z\\", \\"currency\\": \\"ZAR\\", \\"id\\": \\"p_3LRQ0XpPWkVFnnlSnJnsqP7x\\", \\"metadata\\": {\\"checkoutId\\": \\"ch_ZogkYobn35WoHletjvSQ2AL9\\", \\"productType\\": \\"checkout\\"}, \\"mode\\": \\"test\\", \\"paymentMethodDetails\\": {\\"card\\": {\\"expiryMonth\\": 5, \\"expiryYear\\": 24, \\"maskedCard\\": \\"************1111\\", \\"scheme\\": \\"visa\\"}, \\"type\\": \\"card\\"}, \\"status\\": \\"succeeded\\", \\"type\\": \\"payment\\"}, \\"type\\": \\"payment.succeeded\\"}"	\N	f	2024-05-15 21:28:51.224826+02	2024-05-15 21:28:51.224885+02
ch_8EjYwbpe0XVs1B4HrG0cMpYL	"{\\"createdDate\\": \\"2024-05-15T16:56:20.521142Z\\", \\"id\\": \\"evt_2LNQYXoKm1osXY3i6Rqt4wAx\\", \\"payload\\": {\\"amount\\": 8240, \\"createdDate\\": \\"2024-05-15T16:56:00.875958Z\\", \\"currency\\": \\"ZAR\\", \\"id\\": \\"p_PLmQvrn1powhkWZT4GNC823L\\", \\"metadata\\": {\\"checkoutId\\": \\"ch_8EjYwbpe0XVs1B4HrG0cMpYL\\", \\"productType\\": \\"checkout\\"}, \\"mode\\": \\"test\\", \\"paymentMethodDetails\\": {\\"card\\": {\\"expiryMonth\\": 5, \\"expiryYear\\": 24, \\"maskedCard\\": \\"************1111\\", \\"scheme\\": \\"visa\\"}, \\"type\\": \\"card\\"}, \\"status\\": \\"succeeded\\", \\"type\\": \\"payment\\"}, \\"type\\": \\"payment.succeeded\\"}"	\N	f	2024-05-15 21:31:49.926598+02	2024-05-15 21:31:49.926689+02
ch_QLOBQX464DvfvzNc6MnhPRXx	"{\\"createdDate\\": \\"2024-05-15T16:51:57.087066Z\\", \\"id\\": \\"evt_1gGJ7P3RV4WTyDniKKpIAABE\\", \\"payload\\": {\\"amount\\": 8240, \\"createdDate\\": \\"2024-05-15T16:51:37.702455Z\\", \\"currency\\": \\"ZAR\\", \\"id\\": \\"p_3LRQ0XpeQ73HQOGSoZh3Y6xD\\", \\"metadata\\": {\\"checkoutId\\": \\"ch_QLOBQX464DvfvzNc6MnhPRXx\\", \\"productType\\": \\"checkout\\"}, \\"mode\\": \\"test\\", \\"paymentMethodDetails\\": {\\"card\\": {\\"expiryMonth\\": 5, \\"expiryYear\\": 24, \\"maskedCard\\": \\"************1111\\", \\"scheme\\": \\"visa\\"}, \\"type\\": \\"card\\"}, \\"status\\": \\"succeeded\\", \\"type\\": \\"payment\\"}, \\"type\\": \\"payment.succeeded\\"}"	\N	f	2024-05-15 21:35:51.870032+02	2024-05-15 21:35:51.870106+02
ch_Vgak3N6lG51cqamCVykfMbZL	"{\\"createdDate\\": \\"2024-05-15T16:36:33.829537Z\\", \\"id\\": \\"evt_9Ee7OKpNq98fq7DsvYZSrn3x\\", \\"payload\\": {\\"amount\\": 8240, \\"createdDate\\": \\"2024-05-15T16:36:14.618007Z\\", \\"currency\\": \\"ZAR\\", \\"id\\": \\"p_rEy7yoX4207T5BzCBbWTnNdx\\", \\"metadata\\": {\\"checkoutId\\": \\"ch_Vgak3N6lG51cqamCVykfMbZL\\", \\"productType\\": \\"checkout\\"}, \\"mode\\": \\"test\\", \\"paymentMethodDetails\\": {\\"card\\": {\\"expiryMonth\\": 5, \\"expiryYear\\": 24, \\"maskedCard\\": \\"************1111\\", \\"scheme\\": \\"visa\\"}, \\"type\\": \\"card\\"}, \\"status\\": \\"succeeded\\", \\"type\\": \\"payment\\"}, \\"type\\": \\"payment.succeeded\\"}"	\N	f	2024-05-15 21:37:51.927404+02	2024-05-15 21:37:51.927537+02
ch_agJkwX7BB7PCwejfGZ6fX80x	"{\\"createdDate\\": \\"2024-05-15T16:50:10.261053Z\\", \\"id\\": \\"evt_ogkYobnWl0viO7Gh5BZFXwpL\\", \\"payload\\": {\\"amount\\": 6180, \\"createdDate\\": \\"2024-05-15T16:49:54.690947Z\\", \\"currency\\": \\"ZAR\\", \\"id\\": \\"p_dg1eaWXO62yhMwkIppwI0vjg\\", \\"metadata\\": {\\"checkoutId\\": \\"ch_agJkwX7BB7PCwejfGZ6fX80x\\", \\"productType\\": \\"checkout\\"}, \\"mode\\": \\"test\\", \\"paymentMethodDetails\\": {\\"card\\": {\\"expiryMonth\\": 5, \\"expiryYear\\": 24, \\"maskedCard\\": \\"************1111\\", \\"scheme\\": \\"visa\\"}, \\"type\\": \\"card\\"}, \\"status\\": \\"succeeded\\", \\"type\\": \\"payment\\"}, \\"type\\": \\"payment.succeeded\\"}"	\N	f	2024-05-15 21:56:50.469424+02	2024-05-15 21:56:50.469524+02
ch_yL8YA8lXzZ1TN5qUD1OSr2vE	"{\\"createdDate\\": \\"2024-05-15T16:54:00.738346Z\\", \\"id\\": \\"evt_kgKDoXAVQNqSoDbTZ7vh6Y3x\\", \\"payload\\": {\\"amount\\": 6180, \\"createdDate\\": \\"2024-05-15T16:53:24.435539Z\\", \\"currency\\": \\"ZAR\\", \\"id\\": \\"p_QLOBQX4MQO8FbZ3S6XdHymXx\\", \\"metadata\\": {\\"checkoutId\\": \\"ch_yL8YA8lXzZ1TN5qUD1OSr2vE\\", \\"productType\\": \\"checkout\\"}, \\"mode\\": \\"test\\", \\"paymentMethodDetails\\": {\\"card\\": {\\"expiryMonth\\": 5, \\"expiryYear\\": 24, \\"maskedCard\\": \\"************1111\\", \\"scheme\\": \\"visa\\"}, \\"type\\": \\"card\\"}, \\"status\\": \\"succeeded\\", \\"type\\": \\"payment\\"}, \\"type\\": \\"payment.succeeded\\"}"	\N	f	2024-05-15 21:57:50.266687+02	2024-05-15 21:57:50.266759+02
ch_4xbqz2rNAvoFQ2iyBbtpkegy	"{\\"createdDate\\": \\"2024-05-22T11:09:23.693185Z\\", \\"id\\": \\"evt_BEd5qdrzlmkIdR6U9kBIbevg\\", \\"payload\\": {\\"amount\\": 300000, \\"createdDate\\": \\"2024-05-22T11:08:49.162976Z\\", \\"currency\\": \\"ZAR\\", \\"id\\": \\"p_BEd5qdrzwO7IMDtdNKhpv3go\\", \\"metadata\\": {\\"billNote\\": \\"order 473 from Bongani Nombamba (bnombamba@icloud.com)\\", \\"checkoutId\\": \\"ch_4xbqz2rNAvoFQ2iyBbtpkegy\\", \\"customerEmailAddress\\": \\"bnombamba@icloud.com\\", \\"customerFirstName\\": \\"Bongani\\", \\"customerLastName\\": \\"Nombamba\\", \\"productType\\": \\"woocommerce\\"}, \\"mode\\": \\"test\\", \\"paymentMethodDetails\\": {\\"card\\": {\\"expiryMonth\\": 9, \\"expiryYear\\": 27, \\"maskedCard\\": \\"************1111\\", \\"scheme\\": \\"visa\\"}, \\"type\\": \\"card\\"}, \\"status\\": \\"succeeded\\", \\"type\\": \\"payment\\"}, \\"type\\": \\"payment.succeeded\\"}"	\N	f	2024-05-22 13:09:24.647997+02	2024-05-22 13:09:24.6481+02
ch_pLpJpZj1Y3GiXK7HvGSGpAgZ	"{\\"createdDate\\": \\"2024-07-23T18:28:58.387158Z\\", \\"id\\": \\"evt_8EDJN5Ya1jOU54ZfaDDtMBzx\\", \\"payload\\": {\\"amount\\": 5500, \\"createdDate\\": \\"2024-07-23T18:27:15.777591Z\\", \\"currency\\": \\"ZAR\\", \\"id\\": \\"p_9Ee7ZX3AKB3SYebCYYeFKK7x\\", \\"metadata\\": {\\"checkoutId\\": \\"ch_pLpJpZj1Y3GiXK7HvGSGpAgZ\\", \\"domain\\": \\"ndwandwa.africa\\", \\"productType\\": \\"checkout\\"}, \\"mode\\": \\"live\\", \\"paymentMethodDetails\\": {\\"card\\": {\\"expiryMonth\\": 10, \\"expiryYear\\": 28, \\"maskedCard\\": \\"************3681\\", \\"scheme\\": \\"visa\\"}, \\"type\\": \\"card\\"}, \\"status\\": \\"succeeded\\", \\"type\\": \\"payment\\"}, \\"type\\": \\"payment.succeeded\\"}"	NFRF20247	t	2024-07-23 20:28:59.147065+02	2024-07-23 20:28:59.147087+02
ch_DLzAwaYDjmOIp4qTKO3t7l7x	"{\\"createdDate\\": \\"2024-08-11T18:22:45.384781Z\\", \\"id\\": \\"evt_1gGJN4bR4m1CV4uQ73FJbJED\\", \\"payload\\": {\\"amount\\": 10300, \\"createdDate\\": \\"2024-08-11T18:17:25.115863Z\\", \\"currency\\": \\"ZAR\\", \\"id\\": \\"p_pLpJpQG78ovTljXtZZTPbXgZ\\", \\"metadata\\": {\\"checkoutId\\": \\"ch_DLzAwaYDjmOIp4qTKO3t7l7x\\", \\"productType\\": \\"checkout\\"}, \\"mode\\": \\"test\\", \\"paymentMethodDetails\\": {\\"card\\": {\\"expiryMonth\\": 4, \\"expiryYear\\": 26, \\"maskedCard\\": \\"************1111\\", \\"scheme\\": \\"visa\\"}, \\"type\\": \\"card\\"}, \\"status\\": \\"succeeded\\", \\"type\\": \\"payment\\"}, \\"type\\": \\"payment.succeeded\\"}"	\N	f	2024-08-11 20:22:46.464036+02	2024-08-11 20:22:46.464057+02
ch_2xYWoYGwnZkTKpGhy5au8wZE	"{\\"createdDate\\": \\"2024-08-11T18:27:02.536812Z\\", \\"id\\": \\"evt_wxMZN8kKrQ4fKrlhb6NcobeL\\", \\"payload\\": {\\"amount\\": 24000, \\"createdDate\\": \\"2024-08-11T18:24:59.024658Z\\", \\"currency\\": \\"ZAR\\", \\"id\\": \\"p_8EjYV6OrvKlfkzBtePDC0jmL\\", \\"metadata\\": {\\"checkoutId\\": \\"ch_2xYWoYGwnZkTKpGhy5au8wZE\\", \\"productType\\": \\"checkout\\"}, \\"mode\\": \\"test\\", \\"paymentMethodDetails\\": {\\"card\\": {\\"expiryMonth\\": 4, \\"expiryYear\\": 26, \\"maskedCard\\": \\"************1111\\", \\"scheme\\": \\"visa\\"}, \\"type\\": \\"card\\"}, \\"status\\": \\"succeeded\\", \\"type\\": \\"payment\\"}, \\"type\\": \\"payment.succeeded\\"}"	\N	f	2024-08-11 20:27:03.635854+02	2024-08-11 20:27:03.635912+02
ch_XwxMZN0W2pmWCqDTYncoDaLe	"{\\"createdDate\\": \\"2024-08-22T14:18:10.885737Z\\", \\"id\\": \\"evt_Vgakjmo4eP2hMMQhkbqse4Ld\\", \\"payload\\": {\\"amount\\": 123600, \\"createdDate\\": \\"2024-08-22T14:17:47.132036Z\\", \\"currency\\": \\"ZAR\\", \\"id\\": \\"p_aEqGV9WZQb9foZvUo6jFV3mx\\", \\"metadata\\": {\\"checkoutId\\": \\"ch_XwxMZN0W2pmWCqDTYncoDaLe\\", \\"productType\\": \\"checkout\\"}, \\"mode\\": \\"test\\", \\"paymentMethodDetails\\": {\\"card\\": {\\"expiryMonth\\": 4, \\"expiryYear\\": 26, \\"maskedCard\\": \\"************1111\\", \\"scheme\\": \\"visa\\"}, \\"type\\": \\"card\\"}, \\"status\\": \\"succeeded\\", \\"type\\": \\"payment\\"}, \\"type\\": \\"payment.succeeded\\"}"	\N	f	2024-08-22 16:18:12.001158+02	2024-08-22 16:18:12.001197+02
ch_aPgrMVY0674OUYQCm0SR7VEb	"{\\"createdDate\\": \\"2024-08-31T06:48:29.133424Z\\", \\"id\\": \\"evt_pLpJpen7vmJTRqbsRzwU462g\\", \\"payload\\": {\\"amount\\": 12360, \\"createdDate\\": \\"2024-08-31T06:47:28.203301Z\\", \\"currency\\": \\"ZAR\\", \\"id\\": \\"p_yxvq50MvpV4UjqNUBdH3P7gB\\", \\"metadata\\": {\\"checkoutId\\": \\"ch_aPgrMVY0674OUYQCm0SR7VEb\\", \\"domain\\": \\"bbgi.co.za\\", \\"productType\\": \\"checkout\\"}, \\"mode\\": \\"live\\", \\"paymentMethodDetails\\": {\\"card\\": {\\"expiryMonth\\": 12, \\"expiryYear\\": 2025, \\"maskedCard\\": \\"************0116\\", \\"scheme\\": \\"visa\\"}, \\"type\\": \\"card\\"}, \\"status\\": \\"succeeded\\", \\"type\\": \\"payment\\"}, \\"type\\": \\"payment.succeeded\\"}"	\N	f	2024-08-31 08:48:29.88874+02	2024-08-31 08:48:29.888774+02
ch_dg1eZ5BOYqpuM9NHPy3sbBgB	"{\\"createdDate\\": \\"2024-09-25T08:38:09.367703Z\\", \\"id\\": \\"evt_4xbq1aZ0qq3clYaFpAPi4kqg\\", \\"payload\\": {\\"amount\\": 12360, \\"createdDate\\": \\"2024-09-25T08:37:33.535471Z\\", \\"currency\\": \\"ZAR\\", \\"id\\": \\"p_3LRQO67NDZZIQKquy8oIrbox\\", \\"metadata\\": {\\"checkoutId\\": \\"ch_dg1eZ5BOYqpuM9NHPy3sbBgB\\", \\"domain\\": \\"bbgi.co.za\\", \\"productType\\": \\"checkout\\"}, \\"mode\\": \\"live\\", \\"paymentMethodDetails\\": {\\"card\\": {\\"expiryMonth\\": 12, \\"expiryYear\\": 25, \\"maskedCard\\": \\"************0116\\", \\"scheme\\": \\"visa\\"}, \\"type\\": \\"card\\"}, \\"status\\": \\"succeeded\\", \\"type\\": \\"payment\\"}, \\"type\\": \\"payment.succeeded\\"}"	\N	f	2024-09-25 10:38:10.098435+02	2024-09-25 10:38:10.098465+02
ch_4LVK6jGw77GF3Z1s29jT1mPE	"{\\"createdDate\\": \\"2024-10-17T15:35:04.402543Z\\", \\"id\\": \\"evt_GEZ1vj50qjQIXObHVXdTZ7pL\\", \\"payload\\": {\\"amount\\": 50000, \\"createdDate\\": \\"2024-10-17T15:32:23.146596Z\\", \\"currency\\": \\"ZAR\\", \\"id\\": \\"p_wxMZlj4B7KJtK4vcb1KfaoLe\\", \\"metadata\\": {\\"checkoutId\\": \\"ch_4LVK6jGw77GF3Z1s29jT1mPE\\", \\"domain\\": \\"www.bbgi.co.za\\", \\"productType\\": \\"checkout\\"}, \\"mode\\": \\"live\\", \\"paymentMethodDetails\\": {\\"card\\": {\\"expiryMonth\\": 8, \\"expiryYear\\": 30, \\"maskedCard\\": \\"************4096\\", \\"scheme\\": \\"mastercard\\"}, \\"type\\": \\"card\\"}, \\"status\\": \\"succeeded\\", \\"type\\": \\"payment\\"}, \\"type\\": \\"payment.succeeded\\"}"	\N	f	2024-10-17 17:35:05.351093+02	2024-10-17 17:35:05.351159+02
ch_DLzAG9Zoq9qhoPAUqbqfMjlx	"{\\"createdDate\\": \\"2024-10-18T07:31:07.434607Z\\", \\"id\\": \\"evt_dg1eZ2l5QNVIqBWUVKiPowgB\\", \\"payload\\": {\\"amount\\": 50000, \\"createdDate\\": \\"2024-10-18T07:25:30.681545Z\\", \\"currency\\": \\"ZAR\\", \\"id\\": \\"p_PLmQaywmGnyiG1KH7nyhMrkL\\", \\"metadata\\": {\\"checkoutId\\": \\"ch_DLzAG9Zoq9qhoPAUqbqfMjlx\\", \\"domain\\": \\"www.bbgi.co.za\\", \\"productType\\": \\"checkout\\"}, \\"mode\\": \\"live\\", \\"paymentMethodDetails\\": {\\"card\\": {\\"expiryMonth\\": 4, \\"expiryYear\\": 29, \\"maskedCard\\": \\"************3875\\", \\"scheme\\": \\"mastercard\\"}, \\"type\\": \\"card\\"}, \\"status\\": \\"succeeded\\", \\"type\\": \\"payment\\"}, \\"type\\": \\"payment.succeeded\\"}"	\N	f	2024-10-18 09:31:08.296976+02	2024-10-18 09:31:08.296998+02
\.


--
-- Data for Name: taggit_tag; Type: TABLE DATA; Schema: public; Owner: thomas
--

COPY public.taggit_tag (id, name, slug) FROM stdin;
\.


--
-- Data for Name: taggit_taggeditem; Type: TABLE DATA; Schema: public; Owner: thomas
--

COPY public.taggit_taggeditem (id, object_id, content_type_id, tag_id) FROM stdin;
\.


--
-- Name: accounts_customusermodel_groups_id_seq; Type: SEQUENCE SET; Schema: public; Owner: thomas
--

SELECT pg_catalog.setval('public.accounts_customusermodel_groups_id_seq', 1, false);


--
-- Name: accounts_customusermodel_id_seq; Type: SEQUENCE SET; Schema: public; Owner: thomas
--

SELECT pg_catalog.setval('public.accounts_customusermodel_id_seq', 6, true);


--
-- Name: accounts_customusermodel_user_permissions_id_seq; Type: SEQUENCE SET; Schema: public; Owner: thomas
--

SELECT pg_catalog.setval('public.accounts_customusermodel_user_permissions_id_seq', 1, false);


--
-- Name: admin_interface_theme_id_seq; Type: SEQUENCE SET; Schema: public; Owner: thomas
--

SELECT pg_catalog.setval('public.admin_interface_theme_id_seq', 1, true);


--
-- Name: auth_group_id_seq; Type: SEQUENCE SET; Schema: public; Owner: thomas
--

SELECT pg_catalog.setval('public.auth_group_id_seq', 1, false);


--
-- Name: auth_group_permissions_id_seq; Type: SEQUENCE SET; Schema: public; Owner: thomas
--

SELECT pg_catalog.setval('public.auth_group_permissions_id_seq', 1, false);


--
-- Name: auth_permission_id_seq; Type: SEQUENCE SET; Schema: public; Owner: thomas
--

SELECT pg_catalog.setval('public.auth_permission_id_seq', 188, true);


--
-- Name: django_admin_log_id_seq; Type: SEQUENCE SET; Schema: public; Owner: thomas
--

SELECT pg_catalog.setval('public.django_admin_log_id_seq', 83, true);


--
-- Name: django_celery_beat_clockedschedule_id_seq; Type: SEQUENCE SET; Schema: public; Owner: thomas
--

SELECT pg_catalog.setval('public.django_celery_beat_clockedschedule_id_seq', 1, false);


--
-- Name: django_celery_beat_crontabschedule_id_seq; Type: SEQUENCE SET; Schema: public; Owner: thomas
--

SELECT pg_catalog.setval('public.django_celery_beat_crontabschedule_id_seq', 2, true);


--
-- Name: django_celery_beat_intervalschedule_id_seq; Type: SEQUENCE SET; Schema: public; Owner: thomas
--

SELECT pg_catalog.setval('public.django_celery_beat_intervalschedule_id_seq', 1, false);


--
-- Name: django_celery_beat_periodictask_id_seq; Type: SEQUENCE SET; Schema: public; Owner: thomas
--

SELECT pg_catalog.setval('public.django_celery_beat_periodictask_id_seq', 3, true);


--
-- Name: django_celery_beat_solarschedule_id_seq; Type: SEQUENCE SET; Schema: public; Owner: thomas
--

SELECT pg_catalog.setval('public.django_celery_beat_solarschedule_id_seq', 1, false);


--
-- Name: django_celery_results_chordcounter_id_seq; Type: SEQUENCE SET; Schema: public; Owner: thomas
--

SELECT pg_catalog.setval('public.django_celery_results_chordcounter_id_seq', 1, false);


--
-- Name: django_celery_results_groupresult_id_seq; Type: SEQUENCE SET; Schema: public; Owner: thomas
--

SELECT pg_catalog.setval('public.django_celery_results_groupresult_id_seq', 1, false);


--
-- Name: django_celery_results_taskresult_id_seq; Type: SEQUENCE SET; Schema: public; Owner: thomas
--

SELECT pg_catalog.setval('public.django_celery_results_taskresult_id_seq', 668, true);


--
-- Name: django_content_type_id_seq; Type: SEQUENCE SET; Schema: public; Owner: thomas
--

SELECT pg_catalog.setval('public.django_content_type_id_seq', 47, true);


--
-- Name: django_migrations_id_seq; Type: SEQUENCE SET; Schema: public; Owner: thomas
--

SELECT pg_catalog.setval('public.django_migrations_id_seq', 107, true);


--
-- Name: taggit_tag_id_seq; Type: SEQUENCE SET; Schema: public; Owner: thomas
--

SELECT pg_catalog.setval('public.taggit_tag_id_seq', 1, false);


--
-- Name: taggit_taggeditem_id_seq; Type: SEQUENCE SET; Schema: public; Owner: thomas
--

SELECT pg_catalog.setval('public.taggit_taggeditem_id_seq', 1, false);


--
-- Name: accounts_companymodel accounts_companymodel_phone_key; Type: CONSTRAINT; Schema: public; Owner: thomas
--

ALTER TABLE ONLY public.accounts_companymodel
    ADD CONSTRAINT accounts_companymodel_phone_key UNIQUE (phone);


--
-- Name: accounts_companymodel accounts_companymodel_pkey; Type: CONSTRAINT; Schema: public; Owner: thomas
--

ALTER TABLE ONLY public.accounts_companymodel
    ADD CONSTRAINT accounts_companymodel_pkey PRIMARY KEY (id);


--
-- Name: accounts_companymodel accounts_companymodel_support_email_key; Type: CONSTRAINT; Schema: public; Owner: thomas
--

ALTER TABLE ONLY public.accounts_companymodel
    ADD CONSTRAINT accounts_companymodel_support_email_key UNIQUE (support_email);


--
-- Name: accounts_customusermodel_groups accounts_customusermodel_customusermodel_id_group_edf52ff7_uniq; Type: CONSTRAINT; Schema: public; Owner: thomas
--

ALTER TABLE ONLY public.accounts_customusermodel_groups
    ADD CONSTRAINT accounts_customusermodel_customusermodel_id_group_edf52ff7_uniq UNIQUE (customusermodel_id, group_id);


--
-- Name: accounts_customusermodel_user_permissions accounts_customusermodel_customusermodel_id_permi_83022d67_uniq; Type: CONSTRAINT; Schema: public; Owner: thomas
--

ALTER TABLE ONLY public.accounts_customusermodel_user_permissions
    ADD CONSTRAINT accounts_customusermodel_customusermodel_id_permi_83022d67_uniq UNIQUE (customusermodel_id, permission_id);


--
-- Name: accounts_customusermodel_groups accounts_customusermodel_groups_pkey; Type: CONSTRAINT; Schema: public; Owner: thomas
--

ALTER TABLE ONLY public.accounts_customusermodel_groups
    ADD CONSTRAINT accounts_customusermodel_groups_pkey PRIMARY KEY (id);


--
-- Name: accounts_customusermodel accounts_customusermodel_identity_number_key; Type: CONSTRAINT; Schema: public; Owner: thomas
--

ALTER TABLE ONLY public.accounts_customusermodel
    ADD CONSTRAINT accounts_customusermodel_identity_number_key UNIQUE (identity_number);


--
-- Name: accounts_customusermodel accounts_customusermodel_phone_key; Type: CONSTRAINT; Schema: public; Owner: thomas
--

ALTER TABLE ONLY public.accounts_customusermodel
    ADD CONSTRAINT accounts_customusermodel_phone_key UNIQUE (phone);


--
-- Name: accounts_customusermodel accounts_customusermodel_pkey; Type: CONSTRAINT; Schema: public; Owner: thomas
--

ALTER TABLE ONLY public.accounts_customusermodel
    ADD CONSTRAINT accounts_customusermodel_pkey PRIMARY KEY (id);


--
-- Name: accounts_customusermodel_user_permissions accounts_customusermodel_user_permissions_pkey; Type: CONSTRAINT; Schema: public; Owner: thomas
--

ALTER TABLE ONLY public.accounts_customusermodel_user_permissions
    ADD CONSTRAINT accounts_customusermodel_user_permissions_pkey PRIMARY KEY (id);


--
-- Name: accounts_customusermodel accounts_customusermodel_username_key; Type: CONSTRAINT; Schema: public; Owner: thomas
--

ALTER TABLE ONLY public.accounts_customusermodel
    ADD CONSTRAINT accounts_customusermodel_username_key UNIQUE (username);


--
-- Name: accounts_identityverificationmodel accounts_identityverificationmodel_pkey; Type: CONSTRAINT; Schema: public; Owner: thomas
--

ALTER TABLE ONLY public.accounts_identityverificationmodel
    ADD CONSTRAINT accounts_identityverificationmodel_pkey PRIMARY KEY (id);


--
-- Name: accounts_identityverificationmodel accounts_identityverificationmodel_user_id_key; Type: CONSTRAINT; Schema: public; Owner: thomas
--

ALTER TABLE ONLY public.accounts_identityverificationmodel
    ADD CONSTRAINT accounts_identityverificationmodel_user_id_key UNIQUE (user_id);


--
-- Name: accounts_mailinggroupmodel accounts_mailinggroupmodel_pkey; Type: CONSTRAINT; Schema: public; Owner: thomas
--

ALTER TABLE ONLY public.accounts_mailinggroupmodel
    ADD CONSTRAINT accounts_mailinggroupmodel_pkey PRIMARY KEY (id);


--
-- Name: accounts_mailinggroupmodel accounts_mailinggroupmodel_slug_key; Type: CONSTRAINT; Schema: public; Owner: thomas
--

ALTER TABLE ONLY public.accounts_mailinggroupmodel
    ADD CONSTRAINT accounts_mailinggroupmodel_slug_key UNIQUE (slug);


--
-- Name: accounts_mailinggroupmodel accounts_mailinggroupmodel_title_key; Type: CONSTRAINT; Schema: public; Owner: thomas
--

ALTER TABLE ONLY public.accounts_mailinggroupmodel
    ADD CONSTRAINT accounts_mailinggroupmodel_title_key UNIQUE (title);


--
-- Name: accounts_mailmessagemodel accounts_mailmessagemodel_pkey; Type: CONSTRAINT; Schema: public; Owner: thomas
--

ALTER TABLE ONLY public.accounts_mailmessagemodel
    ADD CONSTRAINT accounts_mailmessagemodel_pkey PRIMARY KEY (id);


--
-- Name: accounts_qualificationmodel accounts_qualificationmo_title_qualification_type_372270a1_uniq; Type: CONSTRAINT; Schema: public; Owner: thomas
--

ALTER TABLE ONLY public.accounts_qualificationmodel
    ADD CONSTRAINT accounts_qualificationmo_title_qualification_type_372270a1_uniq UNIQUE (title, qualification_type, year, owner_id);


--
-- Name: accounts_qualificationmodel accounts_qualificationmodel_pkey; Type: CONSTRAINT; Schema: public; Owner: thomas
--

ALTER TABLE ONLY public.accounts_qualificationmodel
    ADD CONSTRAINT accounts_qualificationmodel_pkey PRIMARY KEY (id);


--
-- Name: accounts_relativemodel accounts_relativemodel_pkey; Type: CONSTRAINT; Schema: public; Owner: thomas
--

ALTER TABLE ONLY public.accounts_relativemodel
    ADD CONSTRAINT accounts_relativemodel_pkey PRIMARY KEY (id);


--
-- Name: accounts_relativemodel accounts_relativemodel_title_full_name_maiden_n_5c9d0436_uniq; Type: CONSTRAINT; Schema: public; Owner: thomas
--

ALTER TABLE ONLY public.accounts_relativemodel
    ADD CONSTRAINT accounts_relativemodel_title_full_name_maiden_n_5c9d0436_uniq UNIQUE (title, full_name, maiden_name, surname, relative_id, relationship, relative_side, phone);


--
-- Name: accounts_subscribemodel accounts_subscribemodel_pkey; Type: CONSTRAINT; Schema: public; Owner: thomas
--

ALTER TABLE ONLY public.accounts_subscribemodel
    ADD CONSTRAINT accounts_subscribemodel_pkey PRIMARY KEY (id);


--
-- Name: accounts_walletmodel accounts_walletmodel_owner_id_key; Type: CONSTRAINT; Schema: public; Owner: thomas
--

ALTER TABLE ONLY public.accounts_walletmodel
    ADD CONSTRAINT accounts_walletmodel_owner_id_key UNIQUE (owner_id);


--
-- Name: accounts_walletmodel accounts_walletmodel_pkey; Type: CONSTRAINT; Schema: public; Owner: thomas
--

ALTER TABLE ONLY public.accounts_walletmodel
    ADD CONSTRAINT accounts_walletmodel_pkey PRIMARY KEY (id);


--
-- Name: admin_interface_theme admin_interface_theme_name_30bda70f_uniq; Type: CONSTRAINT; Schema: public; Owner: thomas
--

ALTER TABLE ONLY public.admin_interface_theme
    ADD CONSTRAINT admin_interface_theme_name_30bda70f_uniq UNIQUE (name);


--
-- Name: admin_interface_theme admin_interface_theme_pkey; Type: CONSTRAINT; Schema: public; Owner: thomas
--

ALTER TABLE ONLY public.admin_interface_theme
    ADD CONSTRAINT admin_interface_theme_pkey PRIMARY KEY (id);


--
-- Name: auth_group auth_group_name_key; Type: CONSTRAINT; Schema: public; Owner: thomas
--

ALTER TABLE ONLY public.auth_group
    ADD CONSTRAINT auth_group_name_key UNIQUE (name);


--
-- Name: auth_group_permissions auth_group_permissions_group_id_permission_id_0cd325b0_uniq; Type: CONSTRAINT; Schema: public; Owner: thomas
--

ALTER TABLE ONLY public.auth_group_permissions
    ADD CONSTRAINT auth_group_permissions_group_id_permission_id_0cd325b0_uniq UNIQUE (group_id, permission_id);


--
-- Name: auth_group_permissions auth_group_permissions_pkey; Type: CONSTRAINT; Schema: public; Owner: thomas
--

ALTER TABLE ONLY public.auth_group_permissions
    ADD CONSTRAINT auth_group_permissions_pkey PRIMARY KEY (id);


--
-- Name: auth_group auth_group_pkey; Type: CONSTRAINT; Schema: public; Owner: thomas
--

ALTER TABLE ONLY public.auth_group
    ADD CONSTRAINT auth_group_pkey PRIMARY KEY (id);


--
-- Name: auth_permission auth_permission_content_type_id_codename_01ab375a_uniq; Type: CONSTRAINT; Schema: public; Owner: thomas
--

ALTER TABLE ONLY public.auth_permission
    ADD CONSTRAINT auth_permission_content_type_id_codename_01ab375a_uniq UNIQUE (content_type_id, codename);


--
-- Name: auth_permission auth_permission_pkey; Type: CONSTRAINT; Schema: public; Owner: thomas
--

ALTER TABLE ONLY public.auth_permission
    ADD CONSTRAINT auth_permission_pkey PRIMARY KEY (id);


--
-- Name: business_business business_business_phone_key; Type: CONSTRAINT; Schema: public; Owner: thomas
--

ALTER TABLE ONLY public.business_business
    ADD CONSTRAINT business_business_phone_key UNIQUE (phone);


--
-- Name: business_business business_business_pkey; Type: CONSTRAINT; Schema: public; Owner: thomas
--

ALTER TABLE ONLY public.business_business
    ADD CONSTRAINT business_business_pkey PRIMARY KEY (id);


--
-- Name: business_businesscontent business_businesscontent_pkey; Type: CONSTRAINT; Schema: public; Owner: thomas
--

ALTER TABLE ONLY public.business_businesscontent
    ADD CONSTRAINT business_businesscontent_pkey PRIMARY KEY (id);


--
-- Name: business_businesshour business_businesshour_business_id_day_3114237a_uniq; Type: CONSTRAINT; Schema: public; Owner: thomas
--

ALTER TABLE ONLY public.business_businesshour
    ADD CONSTRAINT business_businesshour_business_id_day_3114237a_uniq UNIQUE (business_id, day);


--
-- Name: business_businesshour business_businesshour_pkey; Type: CONSTRAINT; Schema: public; Owner: thomas
--

ALTER TABLE ONLY public.business_businesshour
    ADD CONSTRAINT business_businesshour_pkey PRIMARY KEY (id);


--
-- Name: business_businessreview business_businessreview_pkey; Type: CONSTRAINT; Schema: public; Owner: thomas
--

ALTER TABLE ONLY public.business_businessreview
    ADD CONSTRAINT business_businessreview_pkey PRIMARY KEY (id);


--
-- Name: business_category business_category_label_key; Type: CONSTRAINT; Schema: public; Owner: thomas
--

ALTER TABLE ONLY public.business_category
    ADD CONSTRAINT business_category_label_key UNIQUE (label);


--
-- Name: business_category business_category_pkey; Type: CONSTRAINT; Schema: public; Owner: thomas
--

ALTER TABLE ONLY public.business_category
    ADD CONSTRAINT business_category_pkey PRIMARY KEY (id);


--
-- Name: business_category business_category_slug_key; Type: CONSTRAINT; Schema: public; Owner: thomas
--

ALTER TABLE ONLY public.business_category
    ADD CONSTRAINT business_category_slug_key UNIQUE (slug);


--
-- Name: campaigns_campaignmodel campaigns_campaignmodel_pkey; Type: CONSTRAINT; Schema: public; Owner: thomas
--

ALTER TABLE ONLY public.campaigns_campaignmodel
    ADD CONSTRAINT campaigns_campaignmodel_pkey PRIMARY KEY (id);


--
-- Name: campaigns_campaignupdatemodel campaigns_campaignupdatemodel_pkey; Type: CONSTRAINT; Schema: public; Owner: thomas
--

ALTER TABLE ONLY public.campaigns_campaignupdatemodel
    ADD CONSTRAINT campaigns_campaignupdatemodel_pkey PRIMARY KEY (id);


--
-- Name: campaigns_contributionmodel campaigns_contributionmodel_checkout_id_key; Type: CONSTRAINT; Schema: public; Owner: thomas
--

ALTER TABLE ONLY public.campaigns_contributionmodel
    ADD CONSTRAINT campaigns_contributionmodel_checkout_id_key UNIQUE (checkout_id);


--
-- Name: campaigns_contributionmodel campaigns_contributionmodel_order_number_key; Type: CONSTRAINT; Schema: public; Owner: thomas
--

ALTER TABLE ONLY public.campaigns_contributionmodel
    ADD CONSTRAINT campaigns_contributionmodel_order_number_key UNIQUE (order_number);


--
-- Name: campaigns_contributionmodel campaigns_contributionmodel_pkey; Type: CONSTRAINT; Schema: public; Owner: thomas
--

ALTER TABLE ONLY public.campaigns_contributionmodel
    ADD CONSTRAINT campaigns_contributionmodel_pkey PRIMARY KEY (id);


--
-- Name: django_admin_log django_admin_log_pkey; Type: CONSTRAINT; Schema: public; Owner: thomas
--

ALTER TABLE ONLY public.django_admin_log
    ADD CONSTRAINT django_admin_log_pkey PRIMARY KEY (id);


--
-- Name: django_celery_beat_clockedschedule django_celery_beat_clockedschedule_pkey; Type: CONSTRAINT; Schema: public; Owner: thomas
--

ALTER TABLE ONLY public.django_celery_beat_clockedschedule
    ADD CONSTRAINT django_celery_beat_clockedschedule_pkey PRIMARY KEY (id);


--
-- Name: django_celery_beat_crontabschedule django_celery_beat_crontabschedule_pkey; Type: CONSTRAINT; Schema: public; Owner: thomas
--

ALTER TABLE ONLY public.django_celery_beat_crontabschedule
    ADD CONSTRAINT django_celery_beat_crontabschedule_pkey PRIMARY KEY (id);


--
-- Name: django_celery_beat_intervalschedule django_celery_beat_intervalschedule_pkey; Type: CONSTRAINT; Schema: public; Owner: thomas
--

ALTER TABLE ONLY public.django_celery_beat_intervalschedule
    ADD CONSTRAINT django_celery_beat_intervalschedule_pkey PRIMARY KEY (id);


--
-- Name: django_celery_beat_periodictask django_celery_beat_periodictask_name_key; Type: CONSTRAINT; Schema: public; Owner: thomas
--

ALTER TABLE ONLY public.django_celery_beat_periodictask
    ADD CONSTRAINT django_celery_beat_periodictask_name_key UNIQUE (name);


--
-- Name: django_celery_beat_periodictask django_celery_beat_periodictask_pkey; Type: CONSTRAINT; Schema: public; Owner: thomas
--

ALTER TABLE ONLY public.django_celery_beat_periodictask
    ADD CONSTRAINT django_celery_beat_periodictask_pkey PRIMARY KEY (id);


--
-- Name: django_celery_beat_periodictasks django_celery_beat_periodictasks_pkey; Type: CONSTRAINT; Schema: public; Owner: thomas
--

ALTER TABLE ONLY public.django_celery_beat_periodictasks
    ADD CONSTRAINT django_celery_beat_periodictasks_pkey PRIMARY KEY (ident);


--
-- Name: django_celery_beat_solarschedule django_celery_beat_solar_event_latitude_longitude_ba64999a_uniq; Type: CONSTRAINT; Schema: public; Owner: thomas
--

ALTER TABLE ONLY public.django_celery_beat_solarschedule
    ADD CONSTRAINT django_celery_beat_solar_event_latitude_longitude_ba64999a_uniq UNIQUE (event, latitude, longitude);


--
-- Name: django_celery_beat_solarschedule django_celery_beat_solarschedule_pkey; Type: CONSTRAINT; Schema: public; Owner: thomas
--

ALTER TABLE ONLY public.django_celery_beat_solarschedule
    ADD CONSTRAINT django_celery_beat_solarschedule_pkey PRIMARY KEY (id);


--
-- Name: django_celery_results_chordcounter django_celery_results_chordcounter_group_id_key; Type: CONSTRAINT; Schema: public; Owner: thomas
--

ALTER TABLE ONLY public.django_celery_results_chordcounter
    ADD CONSTRAINT django_celery_results_chordcounter_group_id_key UNIQUE (group_id);


--
-- Name: django_celery_results_chordcounter django_celery_results_chordcounter_pkey; Type: CONSTRAINT; Schema: public; Owner: thomas
--

ALTER TABLE ONLY public.django_celery_results_chordcounter
    ADD CONSTRAINT django_celery_results_chordcounter_pkey PRIMARY KEY (id);


--
-- Name: django_celery_results_groupresult django_celery_results_groupresult_group_id_key; Type: CONSTRAINT; Schema: public; Owner: thomas
--

ALTER TABLE ONLY public.django_celery_results_groupresult
    ADD CONSTRAINT django_celery_results_groupresult_group_id_key UNIQUE (group_id);


--
-- Name: django_celery_results_groupresult django_celery_results_groupresult_pkey; Type: CONSTRAINT; Schema: public; Owner: thomas
--

ALTER TABLE ONLY public.django_celery_results_groupresult
    ADD CONSTRAINT django_celery_results_groupresult_pkey PRIMARY KEY (id);


--
-- Name: django_celery_results_taskresult django_celery_results_taskresult_pkey; Type: CONSTRAINT; Schema: public; Owner: thomas
--

ALTER TABLE ONLY public.django_celery_results_taskresult
    ADD CONSTRAINT django_celery_results_taskresult_pkey PRIMARY KEY (id);


--
-- Name: django_celery_results_taskresult django_celery_results_taskresult_task_id_key; Type: CONSTRAINT; Schema: public; Owner: thomas
--

ALTER TABLE ONLY public.django_celery_results_taskresult
    ADD CONSTRAINT django_celery_results_taskresult_task_id_key UNIQUE (task_id);


--
-- Name: django_content_type django_content_type_app_label_model_76bd3d3b_uniq; Type: CONSTRAINT; Schema: public; Owner: thomas
--

ALTER TABLE ONLY public.django_content_type
    ADD CONSTRAINT django_content_type_app_label_model_76bd3d3b_uniq UNIQUE (app_label, model);


--
-- Name: django_content_type django_content_type_pkey; Type: CONSTRAINT; Schema: public; Owner: thomas
--

ALTER TABLE ONLY public.django_content_type
    ADD CONSTRAINT django_content_type_pkey PRIMARY KEY (id);


--
-- Name: django_migrations django_migrations_pkey; Type: CONSTRAINT; Schema: public; Owner: thomas
--

ALTER TABLE ONLY public.django_migrations
    ADD CONSTRAINT django_migrations_pkey PRIMARY KEY (id);


--
-- Name: django_session django_session_pkey; Type: CONSTRAINT; Schema: public; Owner: thomas
--

ALTER TABLE ONLY public.django_session
    ADD CONSTRAINT django_session_pkey PRIMARY KEY (session_key);


--
-- Name: events_eventmodel events_eventmodel_pkey; Type: CONSTRAINT; Schema: public; Owner: thomas
--

ALTER TABLE ONLY public.events_eventmodel
    ADD CONSTRAINT events_eventmodel_pkey PRIMARY KEY (id);


--
-- Name: events_eventmodel events_eventmodel_slug_key; Type: CONSTRAINT; Schema: public; Owner: thomas
--

ALTER TABLE ONLY public.events_eventmodel
    ADD CONSTRAINT events_eventmodel_slug_key UNIQUE (slug);


--
-- Name: events_eventtickettypemodel events_eventtickettypemodel_pkey; Type: CONSTRAINT; Schema: public; Owner: thomas
--

ALTER TABLE ONLY public.events_eventtickettypemodel
    ADD CONSTRAINT events_eventtickettypemodel_pkey PRIMARY KEY (id);


--
-- Name: events_ticketmodel events_ticketmodel_barcode_value_key; Type: CONSTRAINT; Schema: public; Owner: thomas
--

ALTER TABLE ONLY public.events_ticketmodel
    ADD CONSTRAINT events_ticketmodel_barcode_value_key UNIQUE (barcode_value);


--
-- Name: events_ticketmodel events_ticketmodel_pkey; Type: CONSTRAINT; Schema: public; Owner: thomas
--

ALTER TABLE ONLY public.events_ticketmodel
    ADD CONSTRAINT events_ticketmodel_pkey PRIMARY KEY (id);


--
-- Name: events_ticketordermodel events_ticketordermodel_checkout_id_key; Type: CONSTRAINT; Schema: public; Owner: thomas
--

ALTER TABLE ONLY public.events_ticketordermodel
    ADD CONSTRAINT events_ticketordermodel_checkout_id_key UNIQUE (checkout_id);


--
-- Name: events_ticketordermodel events_ticketordermodel_order_number_key; Type: CONSTRAINT; Schema: public; Owner: thomas
--

ALTER TABLE ONLY public.events_ticketordermodel
    ADD CONSTRAINT events_ticketordermodel_order_number_key UNIQUE (order_number);


--
-- Name: events_ticketordermodel events_ticketordermodel_pkey; Type: CONSTRAINT; Schema: public; Owner: thomas
--

ALTER TABLE ONLY public.events_ticketordermodel
    ADD CONSTRAINT events_ticketordermodel_pkey PRIMARY KEY (id);


--
-- Name: home_categorymodel home_categorymodel_label_key; Type: CONSTRAINT; Schema: public; Owner: thomas
--

ALTER TABLE ONLY public.home_categorymodel
    ADD CONSTRAINT home_categorymodel_label_key UNIQUE (label);


--
-- Name: home_categorymodel home_categorymodel_pkey; Type: CONSTRAINT; Schema: public; Owner: thomas
--

ALTER TABLE ONLY public.home_categorymodel
    ADD CONSTRAINT home_categorymodel_pkey PRIMARY KEY (id);


--
-- Name: home_categorymodel home_categorymodel_slug_key; Type: CONSTRAINT; Schema: public; Owner: thomas
--

ALTER TABLE ONLY public.home_categorymodel
    ADD CONSTRAINT home_categorymodel_slug_key UNIQUE (slug);


--
-- Name: home_commentmodel home_commentmodel_pkey; Type: CONSTRAINT; Schema: public; Owner: thomas
--

ALTER TABLE ONLY public.home_commentmodel
    ADD CONSTRAINT home_commentmodel_pkey PRIMARY KEY (id);


--
-- Name: home_emailmodel home_emailmodel_pkey; Type: CONSTRAINT; Schema: public; Owner: thomas
--

ALTER TABLE ONLY public.home_emailmodel
    ADD CONSTRAINT home_emailmodel_pkey PRIMARY KEY (id);


--
-- Name: home_faq home_faq_pkey; Type: CONSTRAINT; Schema: public; Owner: thomas
--

ALTER TABLE ONLY public.home_faq
    ADD CONSTRAINT home_faq_pkey PRIMARY KEY (id);


--
-- Name: home_postmodel home_postmodel_pkey; Type: CONSTRAINT; Schema: public; Owner: thomas
--

ALTER TABLE ONLY public.home_postmodel
    ADD CONSTRAINT home_postmodel_pkey PRIMARY KEY (id);


--
-- Name: home_postmodel home_postmodel_slug_key; Type: CONSTRAINT; Schema: public; Owner: thomas
--

ALTER TABLE ONLY public.home_postmodel
    ADD CONSTRAINT home_postmodel_slug_key UNIQUE (slug);


--
-- Name: home_privacymodel home_privacymodel_pkey; Type: CONSTRAINT; Schema: public; Owner: thomas
--

ALTER TABLE ONLY public.home_privacymodel
    ADD CONSTRAINT home_privacymodel_pkey PRIMARY KEY (id);


--
-- Name: home_privacymodel home_privacymodel_slug_key; Type: CONSTRAINT; Schema: public; Owner: thomas
--

ALTER TABLE ONLY public.home_privacymodel
    ADD CONSTRAINT home_privacymodel_slug_key UNIQUE (slug);


--
-- Name: home_privacymodel home_privacymodel_title_key; Type: CONSTRAINT; Schema: public; Owner: thomas
--

ALTER TABLE ONLY public.home_privacymodel
    ADD CONSTRAINT home_privacymodel_title_key UNIQUE (title);


--
-- Name: payments_ndwandwabankmodel payments_ndwandwabankmodel_pkey; Type: CONSTRAINT; Schema: public; Owner: thomas
--

ALTER TABLE ONLY public.payments_ndwandwabankmodel
    ADD CONSTRAINT payments_ndwandwabankmodel_pkey PRIMARY KEY (id);


--
-- Name: payments_paymentinformation payments_paymentinformation_pkey; Type: CONSTRAINT; Schema: public; Owner: thomas
--

ALTER TABLE ONLY public.payments_paymentinformation
    ADD CONSTRAINT payments_paymentinformation_pkey PRIMARY KEY (id);


--
-- Name: taggit_tag taggit_tag_name_key; Type: CONSTRAINT; Schema: public; Owner: thomas
--

ALTER TABLE ONLY public.taggit_tag
    ADD CONSTRAINT taggit_tag_name_key UNIQUE (name);


--
-- Name: taggit_tag taggit_tag_pkey; Type: CONSTRAINT; Schema: public; Owner: thomas
--

ALTER TABLE ONLY public.taggit_tag
    ADD CONSTRAINT taggit_tag_pkey PRIMARY KEY (id);


--
-- Name: taggit_tag taggit_tag_slug_key; Type: CONSTRAINT; Schema: public; Owner: thomas
--

ALTER TABLE ONLY public.taggit_tag
    ADD CONSTRAINT taggit_tag_slug_key UNIQUE (slug);


--
-- Name: taggit_taggeditem taggit_taggeditem_content_type_id_object_i_4bb97a8e_uniq; Type: CONSTRAINT; Schema: public; Owner: thomas
--

ALTER TABLE ONLY public.taggit_taggeditem
    ADD CONSTRAINT taggit_taggeditem_content_type_id_object_i_4bb97a8e_uniq UNIQUE (content_type_id, object_id, tag_id);


--
-- Name: taggit_taggeditem taggit_taggeditem_pkey; Type: CONSTRAINT; Schema: public; Owner: thomas
--

ALTER TABLE ONLY public.taggit_taggeditem
    ADD CONSTRAINT taggit_taggeditem_pkey PRIMARY KEY (id);


--
-- Name: accounts_companymodel_phone_dd02c49f_like; Type: INDEX; Schema: public; Owner: thomas
--

CREATE INDEX accounts_companymodel_phone_dd02c49f_like ON public.accounts_companymodel USING btree (phone varchar_pattern_ops);


--
-- Name: accounts_companymodel_support_email_5df836eb_like; Type: INDEX; Schema: public; Owner: thomas
--

CREATE INDEX accounts_companymodel_support_email_5df836eb_like ON public.accounts_companymodel USING btree (support_email varchar_pattern_ops);


--
-- Name: accounts_customusermodel_groups_customusermodel_id_d4a2976d; Type: INDEX; Schema: public; Owner: thomas
--

CREATE INDEX accounts_customusermodel_groups_customusermodel_id_d4a2976d ON public.accounts_customusermodel_groups USING btree (customusermodel_id);


--
-- Name: accounts_customusermodel_groups_group_id_f201dfe7; Type: INDEX; Schema: public; Owner: thomas
--

CREATE INDEX accounts_customusermodel_groups_group_id_f201dfe7 ON public.accounts_customusermodel_groups USING btree (group_id);


--
-- Name: accounts_customusermodel_identity_number_0260a754_like; Type: INDEX; Schema: public; Owner: thomas
--

CREATE INDEX accounts_customusermodel_identity_number_0260a754_like ON public.accounts_customusermodel USING btree (identity_number varchar_pattern_ops);


--
-- Name: accounts_customusermodel_phone_fe659c1a_like; Type: INDEX; Schema: public; Owner: thomas
--

CREATE INDEX accounts_customusermodel_phone_fe659c1a_like ON public.accounts_customusermodel USING btree (phone varchar_pattern_ops);


--
-- Name: accounts_customusermodel_u_customusermodel_id_5a78953a; Type: INDEX; Schema: public; Owner: thomas
--

CREATE INDEX accounts_customusermodel_u_customusermodel_id_5a78953a ON public.accounts_customusermodel_user_permissions USING btree (customusermodel_id);


--
-- Name: accounts_customusermodel_u_permission_id_943ad2ce; Type: INDEX; Schema: public; Owner: thomas
--

CREATE INDEX accounts_customusermodel_u_permission_id_943ad2ce ON public.accounts_customusermodel_user_permissions USING btree (permission_id);


--
-- Name: accounts_customusermodel_username_8139f514_like; Type: INDEX; Schema: public; Owner: thomas
--

CREATE INDEX accounts_customusermodel_username_8139f514_like ON public.accounts_customusermodel USING btree (username varchar_pattern_ops);


--
-- Name: accounts_mailinggroupmodel_slug_e035b4a7_like; Type: INDEX; Schema: public; Owner: thomas
--

CREATE INDEX accounts_mailinggroupmodel_slug_e035b4a7_like ON public.accounts_mailinggroupmodel USING btree (slug varchar_pattern_ops);


--
-- Name: accounts_mailinggroupmodel_title_c5c67866_like; Type: INDEX; Schema: public; Owner: thomas
--

CREATE INDEX accounts_mailinggroupmodel_title_c5c67866_like ON public.accounts_mailinggroupmodel USING btree (title varchar_pattern_ops);


--
-- Name: accounts_mailmessagemodel_mailing_group_id_7109ceb2; Type: INDEX; Schema: public; Owner: thomas
--

CREATE INDEX accounts_mailmessagemodel_mailing_group_id_7109ceb2 ON public.accounts_mailmessagemodel USING btree (mailing_group_id);


--
-- Name: accounts_qualificationmodel_owner_id_ff8381df; Type: INDEX; Schema: public; Owner: thomas
--

CREATE INDEX accounts_qualificationmodel_owner_id_ff8381df ON public.accounts_qualificationmodel USING btree (owner_id);


--
-- Name: accounts_relativemodel_relative_id_bf8be698; Type: INDEX; Schema: public; Owner: thomas
--

CREATE INDEX accounts_relativemodel_relative_id_bf8be698 ON public.accounts_relativemodel USING btree (relative_id);


--
-- Name: accounts_subscribemodel_mailinggroup_id_a4d10d94; Type: INDEX; Schema: public; Owner: thomas
--

CREATE INDEX accounts_subscribemodel_mailinggroup_id_a4d10d94 ON public.accounts_subscribemodel USING btree (mailinggroup_id);


--
-- Name: accounts_subscribemodel_user_id_5721235f; Type: INDEX; Schema: public; Owner: thomas
--

CREATE INDEX accounts_subscribemodel_user_id_5721235f ON public.accounts_subscribemodel USING btree (user_id);


--
-- Name: admin_interface_theme_name_30bda70f_like; Type: INDEX; Schema: public; Owner: thomas
--

CREATE INDEX admin_interface_theme_name_30bda70f_like ON public.admin_interface_theme USING btree (name varchar_pattern_ops);


--
-- Name: auth_group_name_a6ea08ec_like; Type: INDEX; Schema: public; Owner: thomas
--

CREATE INDEX auth_group_name_a6ea08ec_like ON public.auth_group USING btree (name varchar_pattern_ops);


--
-- Name: auth_group_permissions_group_id_b120cbf9; Type: INDEX; Schema: public; Owner: thomas
--

CREATE INDEX auth_group_permissions_group_id_b120cbf9 ON public.auth_group_permissions USING btree (group_id);


--
-- Name: auth_group_permissions_permission_id_84c5c92e; Type: INDEX; Schema: public; Owner: thomas
--

CREATE INDEX auth_group_permissions_permission_id_84c5c92e ON public.auth_group_permissions USING btree (permission_id);


--
-- Name: auth_permission_content_type_id_2f476e4b; Type: INDEX; Schema: public; Owner: thomas
--

CREATE INDEX auth_permission_content_type_id_2f476e4b ON public.auth_permission USING btree (content_type_id);


--
-- Name: business_business_category_id_7657be0e; Type: INDEX; Schema: public; Owner: thomas
--

CREATE INDEX business_business_category_id_7657be0e ON public.business_business USING btree (category_id);


--
-- Name: business_business_owner_id_3d0f9cd5; Type: INDEX; Schema: public; Owner: thomas
--

CREATE INDEX business_business_owner_id_3d0f9cd5 ON public.business_business USING btree (owner_id);


--
-- Name: business_business_phone_be5cb2d4_like; Type: INDEX; Schema: public; Owner: thomas
--

CREATE INDEX business_business_phone_be5cb2d4_like ON public.business_business USING btree (phone varchar_pattern_ops);


--
-- Name: business_business_slug_4145b0ce; Type: INDEX; Schema: public; Owner: thomas
--

CREATE INDEX business_business_slug_4145b0ce ON public.business_business USING btree (slug);


--
-- Name: business_business_slug_4145b0ce_like; Type: INDEX; Schema: public; Owner: thomas
--

CREATE INDEX business_business_slug_4145b0ce_like ON public.business_business USING btree (slug varchar_pattern_ops);


--
-- Name: business_businesscontent_business_id_1f780be8; Type: INDEX; Schema: public; Owner: thomas
--

CREATE INDEX business_businesscontent_business_id_1f780be8 ON public.business_businesscontent USING btree (business_id);


--
-- Name: business_businesshour_business_id_ccc65151; Type: INDEX; Schema: public; Owner: thomas
--

CREATE INDEX business_businesshour_business_id_ccc65151 ON public.business_businesshour USING btree (business_id);


--
-- Name: business_businessreview_business_id_fa708bfa; Type: INDEX; Schema: public; Owner: thomas
--

CREATE INDEX business_businessreview_business_id_fa708bfa ON public.business_businessreview USING btree (business_id);


--
-- Name: business_businessreview_commenter_id_3e4e4396; Type: INDEX; Schema: public; Owner: thomas
--

CREATE INDEX business_businessreview_commenter_id_3e4e4396 ON public.business_businessreview USING btree (commenter_id);


--
-- Name: business_category_label_ce242b3b_like; Type: INDEX; Schema: public; Owner: thomas
--

CREATE INDEX business_category_label_ce242b3b_like ON public.business_category USING btree (label varchar_pattern_ops);


--
-- Name: business_category_slug_6180c215_like; Type: INDEX; Schema: public; Owner: thomas
--

CREATE INDEX business_category_slug_6180c215_like ON public.business_category USING btree (slug varchar_pattern_ops);


--
-- Name: campaigns_campaignmodel_category_id_baf23147; Type: INDEX; Schema: public; Owner: thomas
--

CREATE INDEX campaigns_campaignmodel_category_id_baf23147 ON public.campaigns_campaignmodel USING btree (category_id);


--
-- Name: campaigns_campaignmodel_organiser_id_d1de5185; Type: INDEX; Schema: public; Owner: thomas
--

CREATE INDEX campaigns_campaignmodel_organiser_id_d1de5185 ON public.campaigns_campaignmodel USING btree (organiser_id);


--
-- Name: campaigns_campaignmodel_slug_3f613376; Type: INDEX; Schema: public; Owner: thomas
--

CREATE INDEX campaigns_campaignmodel_slug_3f613376 ON public.campaigns_campaignmodel USING btree (slug);


--
-- Name: campaigns_campaignmodel_slug_3f613376_like; Type: INDEX; Schema: public; Owner: thomas
--

CREATE INDEX campaigns_campaignmodel_slug_3f613376_like ON public.campaigns_campaignmodel USING btree (slug varchar_pattern_ops);


--
-- Name: campaigns_campaignupdatemodel_campaign_id_a8d2bbfa; Type: INDEX; Schema: public; Owner: thomas
--

CREATE INDEX campaigns_campaignupdatemodel_campaign_id_a8d2bbfa ON public.campaigns_campaignupdatemodel USING btree (campaign_id);


--
-- Name: campaigns_contributionmodel_campaign_id_6e31260e; Type: INDEX; Schema: public; Owner: thomas
--

CREATE INDEX campaigns_contributionmodel_campaign_id_6e31260e ON public.campaigns_contributionmodel USING btree (campaign_id);


--
-- Name: campaigns_contributionmodel_checkout_id_6a994fc5_like; Type: INDEX; Schema: public; Owner: thomas
--

CREATE INDEX campaigns_contributionmodel_checkout_id_6a994fc5_like ON public.campaigns_contributionmodel USING btree (checkout_id varchar_pattern_ops);


--
-- Name: campaigns_contributionmodel_contributor_id_2a83fa96; Type: INDEX; Schema: public; Owner: thomas
--

CREATE INDEX campaigns_contributionmodel_contributor_id_2a83fa96 ON public.campaigns_contributionmodel USING btree (contributor_id);


--
-- Name: campaigns_contributionmodel_order_number_98adaf9d_like; Type: INDEX; Schema: public; Owner: thomas
--

CREATE INDEX campaigns_contributionmodel_order_number_98adaf9d_like ON public.campaigns_contributionmodel USING btree (order_number varchar_pattern_ops);


--
-- Name: django_admin_log_content_type_id_c4bce8eb; Type: INDEX; Schema: public; Owner: thomas
--

CREATE INDEX django_admin_log_content_type_id_c4bce8eb ON public.django_admin_log USING btree (content_type_id);


--
-- Name: django_admin_log_user_id_c564eba6; Type: INDEX; Schema: public; Owner: thomas
--

CREATE INDEX django_admin_log_user_id_c564eba6 ON public.django_admin_log USING btree (user_id);


--
-- Name: django_cele_date_cr_bd6c1d_idx; Type: INDEX; Schema: public; Owner: thomas
--

CREATE INDEX django_cele_date_cr_bd6c1d_idx ON public.django_celery_results_groupresult USING btree (date_created);


--
-- Name: django_cele_date_cr_f04a50_idx; Type: INDEX; Schema: public; Owner: thomas
--

CREATE INDEX django_cele_date_cr_f04a50_idx ON public.django_celery_results_taskresult USING btree (date_created);


--
-- Name: django_cele_date_do_caae0e_idx; Type: INDEX; Schema: public; Owner: thomas
--

CREATE INDEX django_cele_date_do_caae0e_idx ON public.django_celery_results_groupresult USING btree (date_done);


--
-- Name: django_cele_date_do_f59aad_idx; Type: INDEX; Schema: public; Owner: thomas
--

CREATE INDEX django_cele_date_do_f59aad_idx ON public.django_celery_results_taskresult USING btree (date_done);


--
-- Name: django_cele_status_9b6201_idx; Type: INDEX; Schema: public; Owner: thomas
--

CREATE INDEX django_cele_status_9b6201_idx ON public.django_celery_results_taskresult USING btree (status);


--
-- Name: django_cele_task_na_08aec9_idx; Type: INDEX; Schema: public; Owner: thomas
--

CREATE INDEX django_cele_task_na_08aec9_idx ON public.django_celery_results_taskresult USING btree (task_name);


--
-- Name: django_cele_worker_d54dd8_idx; Type: INDEX; Schema: public; Owner: thomas
--

CREATE INDEX django_cele_worker_d54dd8_idx ON public.django_celery_results_taskresult USING btree (worker);


--
-- Name: django_celery_beat_periodictask_clocked_id_47a69f82; Type: INDEX; Schema: public; Owner: thomas
--

CREATE INDEX django_celery_beat_periodictask_clocked_id_47a69f82 ON public.django_celery_beat_periodictask USING btree (clocked_id);


--
-- Name: django_celery_beat_periodictask_crontab_id_d3cba168; Type: INDEX; Schema: public; Owner: thomas
--

CREATE INDEX django_celery_beat_periodictask_crontab_id_d3cba168 ON public.django_celery_beat_periodictask USING btree (crontab_id);


--
-- Name: django_celery_beat_periodictask_interval_id_a8ca27da; Type: INDEX; Schema: public; Owner: thomas
--

CREATE INDEX django_celery_beat_periodictask_interval_id_a8ca27da ON public.django_celery_beat_periodictask USING btree (interval_id);


--
-- Name: django_celery_beat_periodictask_name_265a36b7_like; Type: INDEX; Schema: public; Owner: thomas
--

CREATE INDEX django_celery_beat_periodictask_name_265a36b7_like ON public.django_celery_beat_periodictask USING btree (name varchar_pattern_ops);


--
-- Name: django_celery_beat_periodictask_solar_id_a87ce72c; Type: INDEX; Schema: public; Owner: thomas
--

CREATE INDEX django_celery_beat_periodictask_solar_id_a87ce72c ON public.django_celery_beat_periodictask USING btree (solar_id);


--
-- Name: django_celery_results_chordcounter_group_id_1f70858c_like; Type: INDEX; Schema: public; Owner: thomas
--

CREATE INDEX django_celery_results_chordcounter_group_id_1f70858c_like ON public.django_celery_results_chordcounter USING btree (group_id varchar_pattern_ops);


--
-- Name: django_celery_results_groupresult_group_id_a085f1a9_like; Type: INDEX; Schema: public; Owner: thomas
--

CREATE INDEX django_celery_results_groupresult_group_id_a085f1a9_like ON public.django_celery_results_groupresult USING btree (group_id varchar_pattern_ops);


--
-- Name: django_celery_results_taskresult_task_id_de0d95bf_like; Type: INDEX; Schema: public; Owner: thomas
--

CREATE INDEX django_celery_results_taskresult_task_id_de0d95bf_like ON public.django_celery_results_taskresult USING btree (task_id varchar_pattern_ops);


--
-- Name: django_session_expire_date_a5c62663; Type: INDEX; Schema: public; Owner: thomas
--

CREATE INDEX django_session_expire_date_a5c62663 ON public.django_session USING btree (expire_date);


--
-- Name: django_session_session_key_c0390e0f_like; Type: INDEX; Schema: public; Owner: thomas
--

CREATE INDEX django_session_session_key_c0390e0f_like ON public.django_session USING btree (session_key varchar_pattern_ops);


--
-- Name: events_eventmodel_category_id_8443e0a8; Type: INDEX; Schema: public; Owner: thomas
--

CREATE INDEX events_eventmodel_category_id_8443e0a8 ON public.events_eventmodel USING btree (category_id);


--
-- Name: events_eventmodel_organiser_id_6e3fa590; Type: INDEX; Schema: public; Owner: thomas
--

CREATE INDEX events_eventmodel_organiser_id_6e3fa590 ON public.events_eventmodel USING btree (organiser_id);


--
-- Name: events_eventmodel_slug_f5dc0f22_like; Type: INDEX; Schema: public; Owner: thomas
--

CREATE INDEX events_eventmodel_slug_f5dc0f22_like ON public.events_eventmodel USING btree (slug varchar_pattern_ops);


--
-- Name: events_eventtickettypemodel_event_id_7ff28bd7; Type: INDEX; Schema: public; Owner: thomas
--

CREATE INDEX events_eventtickettypemodel_event_id_7ff28bd7 ON public.events_eventtickettypemodel USING btree (event_id);


--
-- Name: events_ticketmodel_barcode_value_29baa4cd_like; Type: INDEX; Schema: public; Owner: thomas
--

CREATE INDEX events_ticketmodel_barcode_value_29baa4cd_like ON public.events_ticketmodel USING btree (barcode_value varchar_pattern_ops);


--
-- Name: events_ticketmodel_ticket_order_id_2b55109a; Type: INDEX; Schema: public; Owner: thomas
--

CREATE INDEX events_ticketmodel_ticket_order_id_2b55109a ON public.events_ticketmodel USING btree (ticket_order_id);


--
-- Name: events_ticketmodel_ticket_type_id_a9fd9c33; Type: INDEX; Schema: public; Owner: thomas
--

CREATE INDEX events_ticketmodel_ticket_type_id_a9fd9c33 ON public.events_ticketmodel USING btree (ticket_type_id);


--
-- Name: events_ticketordermodel_buyer_id_6740a34f; Type: INDEX; Schema: public; Owner: thomas
--

CREATE INDEX events_ticketordermodel_buyer_id_6740a34f ON public.events_ticketordermodel USING btree (buyer_id);


--
-- Name: events_ticketordermodel_checkout_id_581cb6ba_like; Type: INDEX; Schema: public; Owner: thomas
--

CREATE INDEX events_ticketordermodel_checkout_id_581cb6ba_like ON public.events_ticketordermodel USING btree (checkout_id varchar_pattern_ops);


--
-- Name: events_ticketordermodel_event_id_3bf4a961; Type: INDEX; Schema: public; Owner: thomas
--

CREATE INDEX events_ticketordermodel_event_id_3bf4a961 ON public.events_ticketordermodel USING btree (event_id);


--
-- Name: events_ticketordermodel_order_number_c5a806f5_like; Type: INDEX; Schema: public; Owner: thomas
--

CREATE INDEX events_ticketordermodel_order_number_c5a806f5_like ON public.events_ticketordermodel USING btree (order_number varchar_pattern_ops);


--
-- Name: home_categorymodel_label_4f1e68e2_like; Type: INDEX; Schema: public; Owner: thomas
--

CREATE INDEX home_categorymodel_label_4f1e68e2_like ON public.home_categorymodel USING btree (label varchar_pattern_ops);


--
-- Name: home_categorymodel_slug_1e55a343_like; Type: INDEX; Schema: public; Owner: thomas
--

CREATE INDEX home_categorymodel_slug_1e55a343_like ON public.home_categorymodel USING btree (slug varchar_pattern_ops);


--
-- Name: home_commentmodel_commenter_id_e8f77784; Type: INDEX; Schema: public; Owner: thomas
--

CREATE INDEX home_commentmodel_commenter_id_e8f77784 ON public.home_commentmodel USING btree (commenter_id);


--
-- Name: home_commentmodel_post_id_7133e9fd; Type: INDEX; Schema: public; Owner: thomas
--

CREATE INDEX home_commentmodel_post_id_7133e9fd ON public.home_commentmodel USING btree (post_id);


--
-- Name: home_postmodel_author_id_b8651869; Type: INDEX; Schema: public; Owner: thomas
--

CREATE INDEX home_postmodel_author_id_b8651869 ON public.home_postmodel USING btree (author_id);


--
-- Name: home_postmodel_category_id_279fe030; Type: INDEX; Schema: public; Owner: thomas
--

CREATE INDEX home_postmodel_category_id_279fe030 ON public.home_postmodel USING btree (category_id);


--
-- Name: home_postmodel_slug_e2903367_like; Type: INDEX; Schema: public; Owner: thomas
--

CREATE INDEX home_postmodel_slug_e2903367_like ON public.home_postmodel USING btree (slug varchar_pattern_ops);


--
-- Name: home_privacymodel_slug_28669425_like; Type: INDEX; Schema: public; Owner: thomas
--

CREATE INDEX home_privacymodel_slug_28669425_like ON public.home_privacymodel USING btree (slug varchar_pattern_ops);


--
-- Name: home_privacymodel_title_42abe5d9_like; Type: INDEX; Schema: public; Owner: thomas
--

CREATE INDEX home_privacymodel_title_42abe5d9_like ON public.home_privacymodel USING btree (title varchar_pattern_ops);


--
-- Name: payments_paymentinformation_id_8e882a80_like; Type: INDEX; Schema: public; Owner: thomas
--

CREATE INDEX payments_paymentinformation_id_8e882a80_like ON public.payments_paymentinformation USING btree (id varchar_pattern_ops);


--
-- Name: taggit_tag_name_58eb2ed9_like; Type: INDEX; Schema: public; Owner: thomas
--

CREATE INDEX taggit_tag_name_58eb2ed9_like ON public.taggit_tag USING btree (name varchar_pattern_ops);


--
-- Name: taggit_tag_slug_6be58b2c_like; Type: INDEX; Schema: public; Owner: thomas
--

CREATE INDEX taggit_tag_slug_6be58b2c_like ON public.taggit_tag USING btree (slug varchar_pattern_ops);


--
-- Name: taggit_taggeditem_content_type_id_9957a03c; Type: INDEX; Schema: public; Owner: thomas
--

CREATE INDEX taggit_taggeditem_content_type_id_9957a03c ON public.taggit_taggeditem USING btree (content_type_id);


--
-- Name: taggit_taggeditem_content_type_id_object_id_196cc965_idx; Type: INDEX; Schema: public; Owner: thomas
--

CREATE INDEX taggit_taggeditem_content_type_id_object_id_196cc965_idx ON public.taggit_taggeditem USING btree (content_type_id, object_id);


--
-- Name: taggit_taggeditem_object_id_e2d7d1df; Type: INDEX; Schema: public; Owner: thomas
--

CREATE INDEX taggit_taggeditem_object_id_e2d7d1df ON public.taggit_taggeditem USING btree (object_id);


--
-- Name: taggit_taggeditem_tag_id_f4f5b767; Type: INDEX; Schema: public; Owner: thomas
--

CREATE INDEX taggit_taggeditem_tag_id_f4f5b767 ON public.taggit_taggeditem USING btree (tag_id);


--
-- Name: accounts_customusermodel_user_permissions accounts_customuserm_customusermodel_id_5a78953a_fk_accounts_; Type: FK CONSTRAINT; Schema: public; Owner: thomas
--

ALTER TABLE ONLY public.accounts_customusermodel_user_permissions
    ADD CONSTRAINT accounts_customuserm_customusermodel_id_5a78953a_fk_accounts_ FOREIGN KEY (customusermodel_id) REFERENCES public.accounts_customusermodel(id) DEFERRABLE INITIALLY DEFERRED;


--
-- Name: accounts_customusermodel_groups accounts_customuserm_customusermodel_id_d4a2976d_fk_accounts_; Type: FK CONSTRAINT; Schema: public; Owner: thomas
--

ALTER TABLE ONLY public.accounts_customusermodel_groups
    ADD CONSTRAINT accounts_customuserm_customusermodel_id_d4a2976d_fk_accounts_ FOREIGN KEY (customusermodel_id) REFERENCES public.accounts_customusermodel(id) DEFERRABLE INITIALLY DEFERRED;


--
-- Name: accounts_customusermodel_groups accounts_customuserm_group_id_f201dfe7_fk_auth_grou; Type: FK CONSTRAINT; Schema: public; Owner: thomas
--

ALTER TABLE ONLY public.accounts_customusermodel_groups
    ADD CONSTRAINT accounts_customuserm_group_id_f201dfe7_fk_auth_grou FOREIGN KEY (group_id) REFERENCES public.auth_group(id) DEFERRABLE INITIALLY DEFERRED;


--
-- Name: accounts_customusermodel_user_permissions accounts_customuserm_permission_id_943ad2ce_fk_auth_perm; Type: FK CONSTRAINT; Schema: public; Owner: thomas
--

ALTER TABLE ONLY public.accounts_customusermodel_user_permissions
    ADD CONSTRAINT accounts_customuserm_permission_id_943ad2ce_fk_auth_perm FOREIGN KEY (permission_id) REFERENCES public.auth_permission(id) DEFERRABLE INITIALLY DEFERRED;


--
-- Name: accounts_identityverificationmodel accounts_identityver_user_id_e0cb785b_fk_accounts_; Type: FK CONSTRAINT; Schema: public; Owner: thomas
--

ALTER TABLE ONLY public.accounts_identityverificationmodel
    ADD CONSTRAINT accounts_identityver_user_id_e0cb785b_fk_accounts_ FOREIGN KEY (user_id) REFERENCES public.accounts_customusermodel(id) DEFERRABLE INITIALLY DEFERRED;


--
-- Name: accounts_mailmessagemodel accounts_mailmessage_mailing_group_id_7109ceb2_fk_accounts_; Type: FK CONSTRAINT; Schema: public; Owner: thomas
--

ALTER TABLE ONLY public.accounts_mailmessagemodel
    ADD CONSTRAINT accounts_mailmessage_mailing_group_id_7109ceb2_fk_accounts_ FOREIGN KEY (mailing_group_id) REFERENCES public.accounts_mailinggroupmodel(id) DEFERRABLE INITIALLY DEFERRED;


--
-- Name: accounts_qualificationmodel accounts_qualificati_owner_id_ff8381df_fk_accounts_; Type: FK CONSTRAINT; Schema: public; Owner: thomas
--

ALTER TABLE ONLY public.accounts_qualificationmodel
    ADD CONSTRAINT accounts_qualificati_owner_id_ff8381df_fk_accounts_ FOREIGN KEY (owner_id) REFERENCES public.accounts_customusermodel(id) DEFERRABLE INITIALLY DEFERRED;


--
-- Name: accounts_relativemodel accounts_relativemod_relative_id_bf8be698_fk_accounts_; Type: FK CONSTRAINT; Schema: public; Owner: thomas
--

ALTER TABLE ONLY public.accounts_relativemodel
    ADD CONSTRAINT accounts_relativemod_relative_id_bf8be698_fk_accounts_ FOREIGN KEY (relative_id) REFERENCES public.accounts_customusermodel(id) DEFERRABLE INITIALLY DEFERRED;


--
-- Name: accounts_subscribemodel accounts_subscribemo_mailinggroup_id_a4d10d94_fk_accounts_; Type: FK CONSTRAINT; Schema: public; Owner: thomas
--

ALTER TABLE ONLY public.accounts_subscribemodel
    ADD CONSTRAINT accounts_subscribemo_mailinggroup_id_a4d10d94_fk_accounts_ FOREIGN KEY (mailinggroup_id) REFERENCES public.accounts_mailinggroupmodel(id) DEFERRABLE INITIALLY DEFERRED;


--
-- Name: accounts_subscribemodel accounts_subscribemo_user_id_5721235f_fk_accounts_; Type: FK CONSTRAINT; Schema: public; Owner: thomas
--

ALTER TABLE ONLY public.accounts_subscribemodel
    ADD CONSTRAINT accounts_subscribemo_user_id_5721235f_fk_accounts_ FOREIGN KEY (user_id) REFERENCES public.accounts_customusermodel(id) DEFERRABLE INITIALLY DEFERRED;


--
-- Name: accounts_walletmodel accounts_walletmodel_owner_id_71d85e10_fk_accounts_; Type: FK CONSTRAINT; Schema: public; Owner: thomas
--

ALTER TABLE ONLY public.accounts_walletmodel
    ADD CONSTRAINT accounts_walletmodel_owner_id_71d85e10_fk_accounts_ FOREIGN KEY (owner_id) REFERENCES public.accounts_customusermodel(id) DEFERRABLE INITIALLY DEFERRED;


--
-- Name: auth_group_permissions auth_group_permissio_permission_id_84c5c92e_fk_auth_perm; Type: FK CONSTRAINT; Schema: public; Owner: thomas
--

ALTER TABLE ONLY public.auth_group_permissions
    ADD CONSTRAINT auth_group_permissio_permission_id_84c5c92e_fk_auth_perm FOREIGN KEY (permission_id) REFERENCES public.auth_permission(id) DEFERRABLE INITIALLY DEFERRED;


--
-- Name: auth_group_permissions auth_group_permissions_group_id_b120cbf9_fk_auth_group_id; Type: FK CONSTRAINT; Schema: public; Owner: thomas
--

ALTER TABLE ONLY public.auth_group_permissions
    ADD CONSTRAINT auth_group_permissions_group_id_b120cbf9_fk_auth_group_id FOREIGN KEY (group_id) REFERENCES public.auth_group(id) DEFERRABLE INITIALLY DEFERRED;


--
-- Name: auth_permission auth_permission_content_type_id_2f476e4b_fk_django_co; Type: FK CONSTRAINT; Schema: public; Owner: thomas
--

ALTER TABLE ONLY public.auth_permission
    ADD CONSTRAINT auth_permission_content_type_id_2f476e4b_fk_django_co FOREIGN KEY (content_type_id) REFERENCES public.django_content_type(id) DEFERRABLE INITIALLY DEFERRED;


--
-- Name: business_business business_business_category_id_7657be0e_fk_business_category_id; Type: FK CONSTRAINT; Schema: public; Owner: thomas
--

ALTER TABLE ONLY public.business_business
    ADD CONSTRAINT business_business_category_id_7657be0e_fk_business_category_id FOREIGN KEY (category_id) REFERENCES public.business_category(id) DEFERRABLE INITIALLY DEFERRED;


--
-- Name: business_business business_business_owner_id_3d0f9cd5_fk_accounts_; Type: FK CONSTRAINT; Schema: public; Owner: thomas
--

ALTER TABLE ONLY public.business_business
    ADD CONSTRAINT business_business_owner_id_3d0f9cd5_fk_accounts_ FOREIGN KEY (owner_id) REFERENCES public.accounts_customusermodel(id) DEFERRABLE INITIALLY DEFERRED;


--
-- Name: business_businesscontent business_businesscon_business_id_1f780be8_fk_business_; Type: FK CONSTRAINT; Schema: public; Owner: thomas
--

ALTER TABLE ONLY public.business_businesscontent
    ADD CONSTRAINT business_businesscon_business_id_1f780be8_fk_business_ FOREIGN KEY (business_id) REFERENCES public.business_business(id) DEFERRABLE INITIALLY DEFERRED;


--
-- Name: business_businesshour business_businesshou_business_id_ccc65151_fk_business_; Type: FK CONSTRAINT; Schema: public; Owner: thomas
--

ALTER TABLE ONLY public.business_businesshour
    ADD CONSTRAINT business_businesshou_business_id_ccc65151_fk_business_ FOREIGN KEY (business_id) REFERENCES public.business_business(id) DEFERRABLE INITIALLY DEFERRED;


--
-- Name: business_businessreview business_businessrev_business_id_fa708bfa_fk_business_; Type: FK CONSTRAINT; Schema: public; Owner: thomas
--

ALTER TABLE ONLY public.business_businessreview
    ADD CONSTRAINT business_businessrev_business_id_fa708bfa_fk_business_ FOREIGN KEY (business_id) REFERENCES public.business_business(id) DEFERRABLE INITIALLY DEFERRED;


--
-- Name: business_businessreview business_businessrev_commenter_id_3e4e4396_fk_accounts_; Type: FK CONSTRAINT; Schema: public; Owner: thomas
--

ALTER TABLE ONLY public.business_businessreview
    ADD CONSTRAINT business_businessrev_commenter_id_3e4e4396_fk_accounts_ FOREIGN KEY (commenter_id) REFERENCES public.accounts_customusermodel(id) DEFERRABLE INITIALLY DEFERRED;


--
-- Name: campaigns_campaignmodel campaigns_campaignmo_category_id_baf23147_fk_home_cate; Type: FK CONSTRAINT; Schema: public; Owner: thomas
--

ALTER TABLE ONLY public.campaigns_campaignmodel
    ADD CONSTRAINT campaigns_campaignmo_category_id_baf23147_fk_home_cate FOREIGN KEY (category_id) REFERENCES public.home_categorymodel(id) DEFERRABLE INITIALLY DEFERRED;


--
-- Name: campaigns_campaignmodel campaigns_campaignmo_organiser_id_d1de5185_fk_accounts_; Type: FK CONSTRAINT; Schema: public; Owner: thomas
--

ALTER TABLE ONLY public.campaigns_campaignmodel
    ADD CONSTRAINT campaigns_campaignmo_organiser_id_d1de5185_fk_accounts_ FOREIGN KEY (organiser_id) REFERENCES public.accounts_customusermodel(id) DEFERRABLE INITIALLY DEFERRED;


--
-- Name: campaigns_campaignupdatemodel campaigns_campaignup_campaign_id_a8d2bbfa_fk_campaigns; Type: FK CONSTRAINT; Schema: public; Owner: thomas
--

ALTER TABLE ONLY public.campaigns_campaignupdatemodel
    ADD CONSTRAINT campaigns_campaignup_campaign_id_a8d2bbfa_fk_campaigns FOREIGN KEY (campaign_id) REFERENCES public.campaigns_campaignmodel(id) DEFERRABLE INITIALLY DEFERRED;


--
-- Name: campaigns_contributionmodel campaigns_contributi_campaign_id_6e31260e_fk_campaigns; Type: FK CONSTRAINT; Schema: public; Owner: thomas
--

ALTER TABLE ONLY public.campaigns_contributionmodel
    ADD CONSTRAINT campaigns_contributi_campaign_id_6e31260e_fk_campaigns FOREIGN KEY (campaign_id) REFERENCES public.campaigns_campaignmodel(id) DEFERRABLE INITIALLY DEFERRED;


--
-- Name: campaigns_contributionmodel campaigns_contributi_contributor_id_2a83fa96_fk_accounts_; Type: FK CONSTRAINT; Schema: public; Owner: thomas
--

ALTER TABLE ONLY public.campaigns_contributionmodel
    ADD CONSTRAINT campaigns_contributi_contributor_id_2a83fa96_fk_accounts_ FOREIGN KEY (contributor_id) REFERENCES public.accounts_customusermodel(id) DEFERRABLE INITIALLY DEFERRED;


--
-- Name: django_admin_log django_admin_log_content_type_id_c4bce8eb_fk_django_co; Type: FK CONSTRAINT; Schema: public; Owner: thomas
--

ALTER TABLE ONLY public.django_admin_log
    ADD CONSTRAINT django_admin_log_content_type_id_c4bce8eb_fk_django_co FOREIGN KEY (content_type_id) REFERENCES public.django_content_type(id) DEFERRABLE INITIALLY DEFERRED;


--
-- Name: django_admin_log django_admin_log_user_id_c564eba6_fk_accounts_; Type: FK CONSTRAINT; Schema: public; Owner: thomas
--

ALTER TABLE ONLY public.django_admin_log
    ADD CONSTRAINT django_admin_log_user_id_c564eba6_fk_accounts_ FOREIGN KEY (user_id) REFERENCES public.accounts_customusermodel(id) DEFERRABLE INITIALLY DEFERRED;


--
-- Name: django_celery_beat_periodictask django_celery_beat_p_clocked_id_47a69f82_fk_django_ce; Type: FK CONSTRAINT; Schema: public; Owner: thomas
--

ALTER TABLE ONLY public.django_celery_beat_periodictask
    ADD CONSTRAINT django_celery_beat_p_clocked_id_47a69f82_fk_django_ce FOREIGN KEY (clocked_id) REFERENCES public.django_celery_beat_clockedschedule(id) DEFERRABLE INITIALLY DEFERRED;


--
-- Name: django_celery_beat_periodictask django_celery_beat_p_crontab_id_d3cba168_fk_django_ce; Type: FK CONSTRAINT; Schema: public; Owner: thomas
--

ALTER TABLE ONLY public.django_celery_beat_periodictask
    ADD CONSTRAINT django_celery_beat_p_crontab_id_d3cba168_fk_django_ce FOREIGN KEY (crontab_id) REFERENCES public.django_celery_beat_crontabschedule(id) DEFERRABLE INITIALLY DEFERRED;


--
-- Name: django_celery_beat_periodictask django_celery_beat_p_interval_id_a8ca27da_fk_django_ce; Type: FK CONSTRAINT; Schema: public; Owner: thomas
--

ALTER TABLE ONLY public.django_celery_beat_periodictask
    ADD CONSTRAINT django_celery_beat_p_interval_id_a8ca27da_fk_django_ce FOREIGN KEY (interval_id) REFERENCES public.django_celery_beat_intervalschedule(id) DEFERRABLE INITIALLY DEFERRED;


--
-- Name: django_celery_beat_periodictask django_celery_beat_p_solar_id_a87ce72c_fk_django_ce; Type: FK CONSTRAINT; Schema: public; Owner: thomas
--

ALTER TABLE ONLY public.django_celery_beat_periodictask
    ADD CONSTRAINT django_celery_beat_p_solar_id_a87ce72c_fk_django_ce FOREIGN KEY (solar_id) REFERENCES public.django_celery_beat_solarschedule(id) DEFERRABLE INITIALLY DEFERRED;


--
-- Name: events_eventmodel events_eventmodel_category_id_8443e0a8_fk_home_categorymodel_id; Type: FK CONSTRAINT; Schema: public; Owner: thomas
--

ALTER TABLE ONLY public.events_eventmodel
    ADD CONSTRAINT events_eventmodel_category_id_8443e0a8_fk_home_categorymodel_id FOREIGN KEY (category_id) REFERENCES public.home_categorymodel(id) DEFERRABLE INITIALLY DEFERRED;


--
-- Name: events_eventmodel events_eventmodel_organiser_id_6e3fa590_fk_accounts_; Type: FK CONSTRAINT; Schema: public; Owner: thomas
--

ALTER TABLE ONLY public.events_eventmodel
    ADD CONSTRAINT events_eventmodel_organiser_id_6e3fa590_fk_accounts_ FOREIGN KEY (organiser_id) REFERENCES public.accounts_customusermodel(id) DEFERRABLE INITIALLY DEFERRED;


--
-- Name: events_eventtickettypemodel events_eventticketty_event_id_7ff28bd7_fk_events_ev; Type: FK CONSTRAINT; Schema: public; Owner: thomas
--

ALTER TABLE ONLY public.events_eventtickettypemodel
    ADD CONSTRAINT events_eventticketty_event_id_7ff28bd7_fk_events_ev FOREIGN KEY (event_id) REFERENCES public.events_eventmodel(id) DEFERRABLE INITIALLY DEFERRED;


--
-- Name: events_ticketmodel events_ticketmodel_ticket_order_id_2b55109a_fk_events_ti; Type: FK CONSTRAINT; Schema: public; Owner: thomas
--

ALTER TABLE ONLY public.events_ticketmodel
    ADD CONSTRAINT events_ticketmodel_ticket_order_id_2b55109a_fk_events_ti FOREIGN KEY (ticket_order_id) REFERENCES public.events_ticketordermodel(id) DEFERRABLE INITIALLY DEFERRED;


--
-- Name: events_ticketmodel events_ticketmodel_ticket_type_id_a9fd9c33_fk_events_ev; Type: FK CONSTRAINT; Schema: public; Owner: thomas
--

ALTER TABLE ONLY public.events_ticketmodel
    ADD CONSTRAINT events_ticketmodel_ticket_type_id_a9fd9c33_fk_events_ev FOREIGN KEY (ticket_type_id) REFERENCES public.events_eventtickettypemodel(id) DEFERRABLE INITIALLY DEFERRED;


--
-- Name: events_ticketordermodel events_ticketordermo_buyer_id_6740a34f_fk_accounts_; Type: FK CONSTRAINT; Schema: public; Owner: thomas
--

ALTER TABLE ONLY public.events_ticketordermodel
    ADD CONSTRAINT events_ticketordermo_buyer_id_6740a34f_fk_accounts_ FOREIGN KEY (buyer_id) REFERENCES public.accounts_customusermodel(id) DEFERRABLE INITIALLY DEFERRED;


--
-- Name: events_ticketordermodel events_ticketordermo_event_id_3bf4a961_fk_events_ev; Type: FK CONSTRAINT; Schema: public; Owner: thomas
--

ALTER TABLE ONLY public.events_ticketordermodel
    ADD CONSTRAINT events_ticketordermo_event_id_3bf4a961_fk_events_ev FOREIGN KEY (event_id) REFERENCES public.events_eventmodel(id) DEFERRABLE INITIALLY DEFERRED;


--
-- Name: home_commentmodel home_commentmodel_commenter_id_e8f77784_fk_accounts_; Type: FK CONSTRAINT; Schema: public; Owner: thomas
--

ALTER TABLE ONLY public.home_commentmodel
    ADD CONSTRAINT home_commentmodel_commenter_id_e8f77784_fk_accounts_ FOREIGN KEY (commenter_id) REFERENCES public.accounts_customusermodel(id) DEFERRABLE INITIALLY DEFERRED;


--
-- Name: home_commentmodel home_commentmodel_post_id_7133e9fd_fk_home_postmodel_id; Type: FK CONSTRAINT; Schema: public; Owner: thomas
--

ALTER TABLE ONLY public.home_commentmodel
    ADD CONSTRAINT home_commentmodel_post_id_7133e9fd_fk_home_postmodel_id FOREIGN KEY (post_id) REFERENCES public.home_postmodel(id) DEFERRABLE INITIALLY DEFERRED;


--
-- Name: home_postmodel home_postmodel_author_id_b8651869_fk_accounts_; Type: FK CONSTRAINT; Schema: public; Owner: thomas
--

ALTER TABLE ONLY public.home_postmodel
    ADD CONSTRAINT home_postmodel_author_id_b8651869_fk_accounts_ FOREIGN KEY (author_id) REFERENCES public.accounts_customusermodel(id) DEFERRABLE INITIALLY DEFERRED;


--
-- Name: home_postmodel home_postmodel_category_id_279fe030_fk_home_categorymodel_id; Type: FK CONSTRAINT; Schema: public; Owner: thomas
--

ALTER TABLE ONLY public.home_postmodel
    ADD CONSTRAINT home_postmodel_category_id_279fe030_fk_home_categorymodel_id FOREIGN KEY (category_id) REFERENCES public.home_categorymodel(id) DEFERRABLE INITIALLY DEFERRED;


--
-- Name: taggit_taggeditem taggit_taggeditem_content_type_id_9957a03c_fk_django_co; Type: FK CONSTRAINT; Schema: public; Owner: thomas
--

ALTER TABLE ONLY public.taggit_taggeditem
    ADD CONSTRAINT taggit_taggeditem_content_type_id_9957a03c_fk_django_co FOREIGN KEY (content_type_id) REFERENCES public.django_content_type(id) DEFERRABLE INITIALLY DEFERRED;


--
-- Name: taggit_taggeditem taggit_taggeditem_tag_id_f4f5b767_fk_taggit_tag_id; Type: FK CONSTRAINT; Schema: public; Owner: thomas
--

ALTER TABLE ONLY public.taggit_taggeditem
    ADD CONSTRAINT taggit_taggeditem_tag_id_f4f5b767_fk_taggit_tag_id FOREIGN KEY (tag_id) REFERENCES public.taggit_tag(id) DEFERRABLE INITIALLY DEFERRED;


--
-- PostgreSQL database dump complete
--

